artists,track_name,popularity,duration_ms,danceability,energy,loudness,tempo,track_genre
Gen Hoshino,Comedy,73,230666,0.676,0.461,-6.746,87.917,acoustic
Ben Woodward,Ghost - Acoustic,55,149610,0.42,0.166,-17.235,77.489,acoustic
Ingrid Michaelson;ZAYN,To Begin Again,57,210826,0.438,0.359,-9.734,76.332,acoustic
Kina Grannis,Can't Help Falling In Love,71,201933,0.266,0.0596,-18.515,181.74,acoustic
Chord Overstreet,Hold On,82,198853,0.618,0.443,-9.681,119.949,acoustic
Tyrone Wells,Days I Will Remember,58,214240,0.688,0.481,-8.807,98.017,acoustic
A Great Big World;Christina Aguilera,Say Something,74,229400,0.407,0.147,-8.822,141.284,acoustic
Jason Mraz,I'm Yours,80,242946,0.703,0.444,-9.331,150.96,acoustic
Jason Mraz;Colbie Caillat,Lucky,74,189613,0.625,0.414,-8.7,130.088,acoustic
Ross Copperman,Hunger,56,205594,0.442,0.632,-6.77,78.899,acoustic
Zack Tabudlo,Give Me Your Forever,74,244800,0.627,0.363,-8.127,99.905,acoustic
Jason Mraz,I Won't Give Up,69,240165,0.483,0.303,-10.058,133.406,acoustic
Dan Berk,Solo,52,198712,0.489,0.314,-9.245,124.234,acoustic
Anna Hamilton,Bad Liar,62,248448,0.691,0.234,-6.441,87.103,acoustic
Chord Overstreet;Deepend,Hold On - Remix,56,188133,0.755,0.78,-6.084,120.004,acoustic
Landon Pigg,Falling in Love at a Coffee Shop,58,244986,0.489,0.561,-7.933,83.457,acoustic
Andrew Foy;Renee Foy,ily (i love you baby),56,129750,0.706,0.112,-18.098,110.154,acoustic
Andrew Foy;Renee Foy,At My Worst,54,169728,0.795,0.0841,-18.09,91.803,acoustic
Jason Mraz;Colbie Caillat,Lucky,68,189613,0.625,0.414,-8.7,130.088,acoustic
Boyce Avenue;Bea Miller,Photograph,67,260186,0.717,0.32,-8.393,107.946,acoustic
Jason Mraz,I'm Yours,75,242946,0.703,0.444,-9.331,150.96,acoustic
Boyce Avenue;Jennel Garcia,Demons,63,174174,0.678,0.351,-8.654,90.032,acoustic
A Great Big World;Christina Aguilera,Say Something,70,229400,0.407,0.147,-8.822,141.284,acoustic
Jason Mraz,93 Million Miles,0,216386,0.572,0.454,-10.286,140.182,acoustic
Jason Mraz,Unlonely,0,231266,0.796,0.667,-4.831,97.988,acoustic
Jason Mraz,Bella Luna,1,302346,0.755,0.454,-9.609,120.06,acoustic
Jason Mraz,Winter Wonderland,0,131760,0.62,0.309,-9.209,145.363,acoustic
Jason Mraz,If It Kills Me,0,273653,0.633,0.429,-6.784,143.793,acoustic
Jason Mraz,Winter Wonderland,0,131760,0.62,0.309,-9.209,145.363,acoustic
Jason Mraz,Winter Wonderland,0,131760,0.62,0.309,-9.209,145.363,acoustic
Jason Mraz,Winter Wonderland,0,131760,0.62,0.309,-9.209,145.363,acoustic
Jason Mraz,Winter Wonderland,0,131760,0.62,0.309,-9.209,145.363,acoustic
Chord Overstreet,All I Want For Christmas Is A Real Good Tan,0,234186,0.593,0.455,-8.192,202.019,acoustic
Brandi Carlile;Sam Smith,Party of One,0,259558,0.296,0.206,-11.799,165.4,acoustic
Brandi Carlile;Sam Smith,Party of One,0,259558,0.296,0.206,-11.799,165.4,acoustic
Brandi Carlile;Sam Smith,Party of One,0,259558,0.296,0.206,-11.799,165.4,acoustic
KT Tunstall,Lonely This Christmas,0,257493,0.409,0.153,-10.74,85.262,acoustic
Brandi Carlile,Throwing Good After Bad,0,247791,0.501,0.0952,-12.931,138.016,acoustic
Brandi Carlile,This Time Tomorrow,0,206267,0.606,0.326,-10.031,91.626,acoustic
KT Tunstall,Lonely This Christmas,0,257493,0.409,0.153,-10.74,85.262,acoustic
Eddie Vedder,The Haves,0,306794,0.474,0.519,-5.291,151.832,acoustic
Brandi Carlile,When You're Wrong,0,266960,0.568,0.301,-10.163,88.029,acoustic
Brandi Carlile;Lucius,You and Me on the Rock,0,230098,0.568,0.686,-6.635,172.075,acoustic
Brandi Carlile;Lucius,You and Me on the Rock,0,230098,0.568,0.686,-6.635,172.075,acoustic
Brandi Carlile,"Speak Your Mind (From the Netflix Series ""We The People"")",0,193943,0.476,0.666,-3.438,148.155,acoustic
Brandi Carlile;Lucius,You and Me on the Rock,0,230098,0.568,0.686,-6.635,172.075,acoustic
Brandi Carlile;Lucius,You and Me on the Rock,0,230098,0.568,0.686,-6.635,172.075,acoustic
Brandi Carlile;Lucius,You and Me on the Rock,0,230098,0.568,0.686,-6.635,172.075,acoustic
Brandi Carlile;Lucius,You and Me on the Rock,0,230098,0.568,0.686,-6.635,172.075,acoustic
Brandi Carlile;Lucius,You and Me on the Rock,0,230098,0.568,0.686,-6.635,172.075,acoustic
Highland Peak,Trampoline - Acoustic,46,213098,0.596,0.2,-10.424,107.893,acoustic
Motohiro Hata,透明だった世界,61,232360,0.373,0.914,-4.185,168.21,acoustic
Andrew Belle,Pieces,60,241119,0.494,0.652,-5.863,137.018,acoustic
Ron Pope,A Drop in the Ocean,68,220239,0.447,0.393,-8.65,73.139,acoustic
Adam Christopher,So Far Away - Acoustic,52,171543,0.576,0.331,-9.389,149.02,acoustic
Andrew Belle,The Enemy,62,286865,0.536,0.89,-5.222,121.974,acoustic
Aron Wright,Build It Better,51,234473,0.526,0.333,-13.02,94.951,acoustic
Chord Overstreet,Sleepwalking in the Rain,0,216000,0.501,0.381,-9.448,80.075,acoustic
Sara Bareilles,Gravity,67,232760,0.27,0.275,-10.357,168.964,acoustic
Chord Overstreet,What's Left of You,57,178600,0.731,0.507,-6.477,117.969,acoustic
Zack Tabudlo,Pano,75,254400,0.375,0.457,-7.018,174.839,acoustic
Andrew Belle,Sky's Still Blue,62,244320,0.43,0.791,-5.419,171.864,acoustic
Kurt Cobain,And I Love Her,66,124933,0.616,0.282,-15.317,96.638,acoustic
Boyce Avenue;Bea Miller,We Can't Stop,64,222146,0.705,0.347,-8.249,80.057,acoustic
Tim Halperin,Always Be My Baby,62,181852,0.582,0.255,-10.254,139.884,acoustic
Canyon City,Alone with You,58,186584,0.549,0.274,-12.565,86.664,acoustic
Aaron Espe,Making All Things New,65,159600,0.787,0.355,-11.429,99.978,acoustic
Sara Bareilles,She Used To Be Mine,67,250266,0.397,0.303,-7.508,81.05,acoustic
Andrew Belle,In My Veins - Feat. Erin Mccarley,65,318908,0.548,0.42,-7.842,128.012,acoustic
Tyler Ward,I Don't Wanna Live Forever (Fifty Shades Darker),44,222351,0.787,0.403,-11.989,118.042,acoustic
Ron Pope,A Drop In the Ocean,55,219480,0.484,0.573,-6.183,139.966,acoustic
Five For Fighting,Superman (It's Not Easy),70,221693,0.382,0.416,-9.303,102.089,acoustic
Andrew Belle,When the End Comes,57,354400,0.541,0.575,-9.463,91.98,acoustic
Bailey Jehl,You're Still The One,56,177500,0.607,0.473,-8.555,119.698,acoustic
Ingrid Michaelson,Light Me Up,56,247840,0.417,0.595,-7.84,147.928,acoustic
Jason Mraz,93 Million Miles,67,216386,0.572,0.454,-10.286,140.182,acoustic
A Great Big World,Kaleidoscope,62,229320,0.709,0.913,-5.148,108.024,acoustic
Eddie Vedder;Nusrat Fateh Ali Khan,The Long Road,45,330933,0.537,0.342,-13.553,109.236,acoustic
Drew Holcomb & The Neighbors,What Would I Do Without You,64,172213,0.602,0.336,-11.106,90.894,acoustic
Jason Mraz,Have It All,65,226106,0.643,0.638,-4.947,82.001,acoustic
Gabrielle Aplin,Heavy Heart,0,235173,0.451,0.7,-6.597,150.055,acoustic
Gabrielle Aplin,The House We Never Built,0,195213,0.546,0.391,-10.786,139.669,acoustic
Eddie Vedder,Society,68,236306,0.561,0.327,-10.835,161.858,acoustic
Gabrielle Aplin,Please Don't Say You Love Me,0,181400,0.479,0.541,-9.862,85.994,acoustic
Gabrielle Aplin,Please Don't Say You Love Me,0,181400,0.479,0.541,-9.862,85.994,acoustic
Eddie Vedder,Guaranteed,61,164500,0.436,0.4,-11.485,100.734,acoustic
Sara Bareilles,Brave,70,220573,0.551,0.836,-3.838,185.063,acoustic
KT Tunstall,Lonely This Christmas,0,257493,0.409,0.153,-10.74,85.262,acoustic
KT Tunstall,Lonely This Christmas,0,257493,0.409,0.153,-10.74,85.262,acoustic
Five For Fighting,Heaven Knows,62,210612,0.6,0.845,-7.076,97.631,acoustic
The Civil Wars,I Heard The Bells On Christmas Day,0,154440,0.492,0.145,-14.504,90.078,acoustic
The Civil Wars,I Heard The Bells On Christmas Day,0,154440,0.492,0.145,-14.504,90.078,acoustic
KT Tunstall,Fairytale Of New York,0,263866,0.447,0.555,-6.018,117.888,acoustic
The Civil Wars,I Heard The Bells On Christmas Day,0,154440,0.492,0.145,-14.504,90.078,acoustic
The Civil Wars,I Heard The Bells On Christmas Day,0,154440,0.492,0.145,-14.504,90.078,acoustic
The Civil Wars,I Heard The Bells On Christmas Day,0,154440,0.492,0.145,-14.504,90.078,acoustic
The Civil Wars,I Heard The Bells On Christmas Day,0,154440,0.492,0.145,-14.504,90.078,acoustic
The Civil Wars,I Heard The Bells On Christmas Day,0,154440,0.492,0.145,-14.504,90.078,acoustic
KT Tunstall,Hold On,0,177613,0.661,0.937,-5.157,105.549,acoustic
KT Tunstall,Suddenly I See,0,199040,0.603,0.78,-5.531,100.499,acoustic
Motohiro Hata,Rain,58,293040,0.626,0.655,-6.69,92.003,acoustic
Callum J Wright,Somebody Else - Acoustic,50,138495,0.794,0.38,-8.769,114.99,acoustic
Andrew Belle,Pieces (Hushed),59,198626,0.52,0.279,-10.739,69.642,acoustic
Boyce Avenue;Fifth Harmony,Mirrors,57,292566,0.545,0.658,-7.174,76.971,acoustic
Boyce Avenue,Stand by Me,60,199019,0.728,0.266,-7.322,115.189,acoustic
Gabrielle Aplin;JP Cooper,Losing Me,61,181760,0.66,0.407,-8.381,133.86,acoustic
Mone Kamishiraishi,なんでもないや - movie ver.,49,349920,0.357,0.161,-10.667,83.449,acoustic
John Adams,You’re Beautiful - Acoustic,55,204973,0.479,0.154,-11.282,147.207,acoustic
Kitri,Hikare Inochi,51,322146,0.592,0.769,-5.268,102.033,acoustic
Tyler Ward,How To Lose a Girl,46,210375,0.7,0.454,-10.39,80.011,acoustic
Boyce Avenue,Can’t Help Falling in Love,57,131000,0.402,0.197,-10.775,100.044,acoustic
Andrew Belle,Dive Deep (Hushed),58,218531,0.507,0.378,-9.019,135.86,acoustic
Ben Woodward,When the Party's over (Acoustic Piano),51,195945,0.619,0.226,-13.453,124.96,acoustic
Augustana,Boston,63,245933,0.404,0.571,-5.069,147.01,acoustic
Matthew Perryman Jones,Living in the Shadows,53,212386,0.418,0.79,-6.599,175.975,acoustic
Boyce Avenue,In Case You Didn’t Know,60,225165,0.633,0.299,-7.798,147.549,acoustic
Andrew Foy;Renee Foy,death bed (coffee for your head),47,112008,0.565,0.0392,-28.276,125.399,acoustic
Kina Grannis,You Are My Sunshine,60,123609,0.664,0.0755,-19.836,80.004,acoustic
Jason Mraz,I Won't Give Up,66,240165,0.585,0.303,-10.058,136.703,acoustic
Ray LaMontagne;Sierra Ferrell,I Was Born To Love You,67,265843,0.65,0.271,-11.081,78.036,acoustic
Meg Birch,Only Love Can Hurt Like This,43,194194,0.534,0.213,-8.64,98.385,acoustic
Catherine Feeny,Mr Blue,54,154600,0.456,0.386,-10.293,165.733,acoustic
Joshua Hyslop,Do Not Let Me Go,60,158960,0.409,0.234,-13.711,139.832,acoustic
Ross Copperman,Holding On And Letting Go,49,319000,0.502,0.53,-9.573,78.046,acoustic
JJ Heller,You Already Know,57,214360,0.496,0.117,-12.884,78.068,acoustic
Ben Woodward,Believer (Remix),42,204480,0.585,0.724,-6.513,187.484,acoustic
Howie Day,Collide - Acoustic Version,67,277000,0.582,0.253,-11.43,90.186,acoustic
Ben Rector,Love Like This,61,214240,0.637,0.14,-11.472,139.78,acoustic
Matt Nathanson,Come On Get Higher,71,215173,0.672,0.623,-5.699,92.018,acoustic
Rachael Yamagata,"""Something In the Rain"" (Something In the Rain, Pt. 1) [Music from the Original TV Series]",49,296862,0.422,0.272,-10.772,143.413,acoustic
Parachute,Kiss Me Slowly,61,235813,0.47,0.801,-6.426,173.92,acoustic
Parachute,Without You,61,228933,0.564,0.864,-5.121,95.984,acoustic
Jason Mraz,Absolutely Zero,20,339196,0.521,0.495,-7.756,135.061,acoustic
Jason Mraz,Sleep All Day,22,296843,0.616,0.81,-6.51,97.994,acoustic
Jason Mraz,You and I Both,35,218240,0.615,0.812,-6.573,98.954,acoustic
Eddie Vedder,Long Nights,60,151773,0.478,0.305,-13.062,108.66,acoustic
Gabrielle Aplin,Please Don't Say You Love Me,59,181400,0.479,0.541,-9.862,85.994,acoustic
KT Tunstall,Suddenly I See,73,201706,0.587,0.767,-5.713,100.38,acoustic
Jason Mraz,Who Needs Shelter,22,192260,0.514,0.569,-7.866,142.597,acoustic
Jason Mraz,No Stopping Us,19,198855,0.646,0.836,-6.203,105.991,acoustic
Jason Mraz,I'll Do Anything,24,191889,0.57,0.711,-4.155,163.117,acoustic
JJ Heller,Make You Feel My Love,57,171293,0.678,0.199,-9.785,72.006,acoustic
Jason Mraz,The Remedy (I Won't Worry),35,256440,0.589,0.867,-4.523,94.52,acoustic
Jason Mraz,Too Much Food,20,221425,0.626,0.926,-4.441,99.997,acoustic
Jason Mraz,The Boy's Gone,18,255047,0.686,0.556,-8.5,112.997,acoustic
Jason Mraz,"On Love, in Sadness",19,208793,0.56,0.832,-5.595,100.957,acoustic
Jason Mraz,Curbside Prophet,23,214552,0.619,0.793,-5.964,177.991,acoustic
Jason Mraz,"Tonight, Not Again - Live",19,264280,0.56,0.278,-12.501,102.187,acoustic
Jason Mraz,"Tonight, Not Again",18,289041,0.595,0.805,-7.926,102.44,acoustic
Eddie Vedder,Hard Sun,65,322080,0.438,0.827,-6.531,143.377,acoustic
Susie Suh;Robot Koch,Here with Me,55,238971,0.582,0.375,-13.277,129.909,acoustic
Tyler Ward;Lindsey Stirling;Kina Grannis,The Scientist,47,276575,0.453,0.295,-12.881,146.022,acoustic
Howie Day,Collide,56,249120,0.636,0.625,-7.895,93.931,acoustic
Eden Elf;Ren Avel,get better,53,111734,0.639,0.201,-16.613,88.107,acoustic
Kitri,Sympathy,49,210760,0.69,0.423,-9.194,130.121,acoustic
Boyce Avenue;Rachel Grae,Let It Go,51,255688,0.599,0.349,-9.269,147.913,acoustic
Chord Overstreet,What You Need,53,181786,0.519,0.264,-11.171,140.354,acoustic
Five For Fighting,100 Years,66,244600,0.643,0.569,-7.459,120.507,acoustic
Andrew Belle,You're the Sea,56,174546,0.573,0.624,-9.076,161.025,acoustic
Rachael Yamagata,No Direction,47,234330,0.654,0.821,-5.472,111.958,acoustic
Cary Brothers,Belong,51,255600,0.426,0.399,-8.447,115.979,acoustic
The Mayries,As It Was,55,176542,0.505,0.21,-11.349,80.721,acoustic
Jason Mraz,I'm Yours,60,243494,0.693,0.43,-9.395,151.001,acoustic
Joseph Sullinger,Chi Mai,40,188695,0.739,0.287,-14.007,80.64,acoustic
A Great Big World;Christina Aguilera,Say Something,58,229400,0.453,0.146,-8.976,137.905,acoustic
Parachute,Had It All,55,216853,0.606,0.54,-6.271,79.952,acoustic
Zack Tabudlo;Yonnyboii,Take Me Back ft. Yonnyboii,50,149000,0.595,0.646,-5.495,120.049,acoustic
Tobey Rosen,Whole Again - Acoustic Version,52,157231,0.736,0.145,-9.215,129.832,acoustic
The Mayries,Overpass Graffiti,54,226603,0.479,0.126,-13.974,96.327,acoustic
Sara Bareilles,Love Song,73,258826,0.583,0.786,-3.142,123.055,acoustic
Andrew Foy;Renee Foy,Let Her Go,38,194013,0.549,0.291,-13.457,75.153,acoustic
Aqualung,Brighter Than Sunshine,53,242439,0.418,0.489,-8.373,72.891,acoustic
Tyler Ward;Karis;Ray Lorraine,Love Story,55,232500,0.498,0.12,-17.721,121.187,acoustic
Agustín Amigó;Nylonwings,Mujer con Abanico,41,156787,0.769,0.135,-12.049,103.939,acoustic
Amy Stroup,In the Shadows,46,263823,0.434,0.469,-7.849,136.282,acoustic
Boyce Avenue;Connie Talbot,Can You Feel the Love Tonight,63,250916,0.452,0.198,-9.374,119.499,acoustic
Brandi Carlile,The Story,66,238493,0.544,0.5,-8.253,93.621,acoustic
JJ Heller,Better,54,215906,0.662,0.187,-9.003,104.988,acoustic
Kina Grannis,Iris,62,181136,0.497,0.13,-15.571,130.769,acoustic
The Mayries,Rockabye - Acoustic Version,57,157466,0.528,0.291,-9.696,76.805,acoustic
Caleb Santos;Viva Music Publishing Inc.,I Need You More Today,68,233728,0.461,0.522,-7.513,157.768,acoustic
Boyce Avenue,Beautiful Soul,62,216612,0.483,0.506,-6.058,87.337,acoustic
Jason Mraz,Let's See What The Night Can Do,53,245186,0.392,0.423,-7.813,113.537,acoustic
Rachael Yamagata,"La La La (Something In the Rain, Pt. 2) [Music from the Original TV Series]",44,219613,0.42,0.2,-18.827,87.248,acoustic
Parachute,Forever And Always,57,248960,0.657,0.716,-5.675,93.924,acoustic
Priscilla Ahn,Fine On The Outside,52,252466,0.495,0.185,-13.824,101.89,acoustic
Chord Overstreet,Tortured Soul,53,246613,0.55,0.499,-9.502,86.966,acoustic
JJ Heller,I Believe in You,53,198786,0.534,0.359,-9.311,131.804,acoustic
Jon Bryant,At Home,55,226640,0.378,0.52,-10.965,73.744,acoustic
Donovan Woods,"Portland, Maine",66,203869,0.606,0.349,-13.967,80.071,acoustic
Ross Copperman,Holding On and Letting Go,49,317441,0.486,0.555,-9.466,77.987,acoustic
Joshua Hyslop,The Flood,60,261640,0.577,0.446,-11.343,81.005,acoustic
Angelina Cruz,Hanggang Kailan (Umuwi Ka Na Baby),38,211933,0.59,0.407,-9.079,145.852,acoustic
Stephen Speaks,Out of My League,67,218800,0.538,0.315,-10.057,91.921,acoustic
A Great Big World,Say Something,57,233266,0.447,0.158,-7.571,140.942,acoustic
Eddie Vedder,Rise,60,156453,0.401,0.58,-6.86,173.277,acoustic
The Weepies;Deb Talan;Steve Tannen,World Spins Madly On,64,165133,0.502,0.311,-13.421,107.612,acoustic
Freddie King,Stumble,0,216626,0.678,0.612,-9.764,118.381,acoustic
Taj Mahal,Paradise,0,251426,0.65,0.406,-13.492,79.642,acoustic
Keb' Mo';Gerald Albright,"Moonlight, Mistletoe & You",0,209293,0.649,0.399,-7.894,97.498,acoustic
Motohiro Hata,ひまわりの約束,61,308146,0.523,0.445,-6.359,78.957,acoustic
Thomas Daniel,Since U Been Gone - Acoustic Version,50,221170,0.538,0.162,-13.31,94.981,acoustic
Masayoshi Yamazaki,"One more time,One more chance",47,330786,0.519,0.429,-7.707,129.491,acoustic
Kina Grannis,Creep,58,234135,0.585,0.103,-12.682,133.057,acoustic
Todd Carey;Ariza;Chuck Leavell,Higher Love,30,173250,0.578,0.763,-4.824,96.808,acoustic
YUZU,Hyouriittai,52,336619,0.223,0.891,-3.626,159.888,acoustic
Canyon City,How Long Will I Love You,55,144830,0.382,0.157,-16.157,136.11,acoustic
Zack Tabudlo,Binibini,67,221538,0.642,0.374,-10.606,129.863,acoustic
Aron Wright,You Were Supposed to Be Different,45,192972,0.436,0.239,-12.83,73.761,acoustic
Boyce Avenue,Thinking out Loud,56,278640,0.702,0.326,-6.638,79.904,acoustic
Jonah Baker,Perfect / Style,37,212864,0.593,0.292,-12.755,111.121,acoustic
The Civil Wars,Poison & Wine,54,219466,0.285,0.186,-12.729,153.848,acoustic
Howie Day,Collide,66,249120,0.636,0.625,-7.895,93.931,acoustic
Ingrid Michaelson,You And I,63,148400,0.698,0.285,-7.632,135.027,acoustic
Zack Tabudlo;Billkin,Give Me Your Forever (ft. Billkin),58,244800,0.601,0.439,-7.589,99.976,acoustic
Landon Pigg,Falling in Love at a Coffee Shop,55,270840,0.332,0.298,-14.174,83.555,acoustic
Anna Nalick,Breathe (2 AM),65,279826,0.386,0.452,-7.715,169.837,acoustic
Zack Tabudlo,Habang Buhay,69,244067,0.62,0.668,-5.719,118.013,acoustic
Jonah Baker,Beautiful Soul,44,214738,0.394,0.281,-11.12,90.044,acoustic
Ben Woodward,Bulletproof,39,207677,0.59,0.552,-10.496,155.101,acoustic
Andrew Belle,Spectrum,54,265506,0.539,0.717,-7.385,117.973,acoustic
Jonah Baker,Girls Like You - Acoustic Version,44,188494,0.543,0.138,-14.331,115.65,acoustic
Zack Tabudlo,Nangangamba,70,210354,0.62,0.547,-6.772,98.032,acoustic
Us The Duo,Better Together,64,200706,0.761,0.311,-10.597,109.891,acoustic
Andrew Foy;Renee Foy,Heartbreak Anniversary,40,199256,0.674,0.122,-17.963,130.014,acoustic
Tyler Ward;Karis;Ray Lorraine,One More Time Around,47,205666,0.429,0.358,-9.076,134.279,acoustic
A Great Big World,Say Something,40,229573,0.456,0.101,-11.75,139.896,acoustic
Zack Tabudlo,Heart Can’t Lose,55,240952,0.647,0.567,-8.971,125.871,acoustic
Donovan Woods;Tenille Townes,I Ain't Ever Loved No One - Acoustic,57,199594,0.322,0.213,-14.915,160.389,acoustic
Ray LaMontagne,Empty,48,317280,0.482,0.381,-13.93,81.712,acoustic
Megan Davies,"See You Again, Love Me Like You Do, Sugar - Acoustic Mashup",54,231965,0.393,0.207,-11.865,163.99,acoustic
Tim Halperin,The Reason,53,200800,0.423,0.207,-8.811,149.664,acoustic
Canyon City,Fix You,60,261665,0.522,0.152,-14.996,144.055,acoustic
JJ Heller,Hand to Hold,54,231605,0.547,0.313,-7.982,133.737,acoustic
Ray LaMontagne,Hold You in My Arms,62,306200,0.504,0.321,-13.807,170.134,acoustic
Us The Duo,One Last Dance,51,224847,0.466,0.161,-14.498,139.167,acoustic
Boyce Avenue;Megan Nicole,Heaven,61,250063,0.619,0.28,-10.238,129.948,acoustic
Joshua Hyslop,The Spark - Bonus Track,51,201933,0.596,0.429,-10.16,148.086,acoustic
Drew Holcomb & The Neighbors,American Beauty,63,158013,0.645,0.169,-15.744,167.826,acoustic
Ray LaMontagne,Such A Simple Thing,65,296386,0.522,0.256,-11.216,76.349,acoustic
Amos Lee,Colors,64,160453,0.681,0.168,-13.397,128.615,acoustic
Boyce Avenue,Someone You Loved,57,182442,0.736,0.364,-5.966,110.023,acoustic
Jason Mraz;Meghan Trainor,More Than Friends (feat. Meghan Trainor),54,181360,0.451,0.528,-6.984,139.28,acoustic
Days N Daze,Flurry Rush,37,169318,0.371,0.674,-3.72,87.603,acoustic
Sara Bareilles,I Choose You,63,218573,0.731,0.572,-7.889,154.038,acoustic
Mindy Gledhill,I Do Adore,53,149160,0.69,0.334,-5.626,74.721,acoustic
Dave Barnes,I'll Be Home For Christmas,0,183293,0.594,0.307,-13.062,94.026,acoustic
Get Dead,Fuck You,36,169266,0.608,0.917,-5.341,117.875,acoustic
Albert King,Christmas Comes But Once A Year,0,272640,0.687,0.494,-9.421,93.269,acoustic
Albert King,Christmas Comes But Once A Year,0,272640,0.687,0.494,-9.421,93.269,acoustic
John Adams,If I Ain't Got You - Acoustic,55,176509,0.652,0.15,-12.699,104.018,acoustic
John Adams,Believe - Acoustic,57,179886,0.765,0.241,-8.865,123.95,acoustic
Adam Christopher,Iris - Acoustic,54,184200,0.589,0.249,-10.086,150.096,acoustic
Motohiro Hata,Rain - Long Ver.,44,447306,0.588,0.604,-7.602,92.02,acoustic
Aoi Teshima,C'est si bon,51,108346,0.735,0.203,-13.237,113.913,acoustic
Jonah Baker,Baby (Acoustic Version),42,160768,0.655,0.147,-14.409,116.103,acoustic
YUZU,Reason,47,304320,0.363,0.819,-3.128,122.527,acoustic
Boyce Avenue;Emma Heesters,I Like Me Better,54,201508,0.473,0.263,-8.609,87.145,acoustic
Zack Tabudlo,Asan Ka Na Ba,73,241132,0.676,0.768,-5.695,105.999,acoustic
Boyce Avenue,A Thousand Years,56,263710,0.41,0.221,-11.673,139.529,acoustic
Thomas Daniel,drivers license,56,246345,0.439,0.217,-13.166,144.413,acoustic
Jason Mraz,Love Someone,59,257173,0.582,0.347,-14.769,97.957,acoustic
Jae Hall,The Winner Takes It All - Acoustic,57,159012,0.426,0.127,-13.287,62.535,acoustic
Aaron Espe,Only Time,56,178546,0.696,0.261,-12.107,136.053,acoustic
A Fine Frenzy,Almost Lover,57,268800,0.549,0.24,-7.778,119.58,acoustic
Roses & Frey,Dance Monkey,51,197850,0.541,0.192,-13.995,139.938,acoustic
Parachute,Ocean,48,222400,0.662,0.711,-4.924,119.989,acoustic
Kina Grannis,Dream a Little Dream of Me,52,142379,0.665,0.185,-13.852,82.474,acoustic
The Mayries,Back For Good,54,194667,0.591,0.175,-12.959,139.902,acoustic
Canyon City,OK,55,212400,0.489,0.183,-14.769,79.961,acoustic
Andrew Foy;Renee Foy,Just The Two Of Us,41,196304,0.618,0.083,-23.665,90.865,acoustic
Boyce Avenue,Hey There Delilah,49,230868,0.664,0.319,-8.149,105.036,acoustic
Andrew Foy;Renee Foy,Arcade,37,186738,0.408,0.266,-12.9,143.651,acoustic
Kina Grannis,Yellow,52,193536,0.623,0.132,-13.668,82.105,acoustic
Roses & Frey,Wake Me Up,58,196819,0.494,0.214,-11.041,125.981,acoustic
Aidan Hawken,Walking Blind,48,201440,0.374,0.183,-13.225,82.042,acoustic
Jon Bryant,Headphones,56,204998,0.559,0.455,-8.937,159.985,acoustic
The Rescues,Teenage Dream,46,219093,0.642,0.408,-8.168,119.81,acoustic
Ivan & Alyosha,The Worth Of The Wait,55,171800,0.48,0.618,-7.335,82.051,acoustic
Kina Grannis,Can't Help Falling In Love - Piano Version,54,211624,0.271,0.0937,-15.035,164.721,acoustic
Austin Plaine,Never Come Back Again,57,196240,0.594,0.695,-8.872,104.977,acoustic
Chord Overstreet,Love You To Death,49,199459,0.574,0.344,-8.995,147.924,acoustic
Plamina,Someone You Loved - Acoustic,55,169253,0.647,0.298,-7.91,106.244,acoustic
Kina Grannis;Imaginary Future,What a Wonderful World,51,137066,0.486,0.0399,-21.56,95.066,acoustic
Andrew Foy;Renee Foy,You Broke Me First,39,128798,0.734,0.0423,-24.831,123.905,acoustic
Joshua Hyslop,Long Way Down,60,257972,0.711,0.231,-13.033,125.062,acoustic
Parachute,She Is Love,60,146066,0.629,0.174,-9.697,134.295,acoustic
Phillip LaRue,Marigold,53,172708,0.615,0.406,-12.619,166.035,acoustic
krissy & ericka,12:51,64,246280,0.503,0.357,-9.36,136.135,acoustic
Takehara Pistol,サンサーラ,34,331984,0.45,0.183,-9.003,61.192,acoustic
Allman Brown;Liz Lawrence,Sons and Daughters,50,216052,0.525,0.461,-9.489,147.997,acoustic
Ben Rector,Brand New,65,243933,0.555,0.934,-5.04,144.874,acoustic
The Weepies;Deb Talan;Steve Tannen,Gotta Have You,56,199786,0.678,0.363,-10.9,75.004,acoustic
Ben Rector,"30,000 Feet",57,256933,0.555,0.452,-9.636,179.921,acoustic
Eddy Tyler,A Thousand Years,43,279916,0.586,0.396,-9.953,142.591,acoustic
Ray LaMontagne,Jolene,64,250866,0.588,0.142,-15.196,119.656,acoustic
Eddie Vedder,No Ceiling,58,94053,0.724,0.652,-6.869,106.911,acoustic
Joy Williams,Front Porch,64,231813,0.567,0.224,-10.024,124.44,acoustic
Days N Daze,Goodbye Lulu,35,150047,0.544,0.839,-8.991,87.609,acoustic
Ray LaMontagne,Three More Days,36,216773,0.555,0.68,-8.358,84.518,acoustic
Callum J Wright,Isn't She Lovely - Acoustic,54,145771,0.69,0.306,-9.193,115.671,acoustic
Rachael Yamagata,We Could Still Be Happy,43,279260,0.513,0.317,-17.036,84.853,acoustic
John Adams,Fix You - Acoustic,49,162963,0.494,0.152,-9.843,134.178,acoustic
Lusaint,I'm Yours - Acoustic,55,166189,0.634,0.267,-7.396,143.514,acoustic
Boyce Avenue;Sarah Hyland,Closer,54,244188,0.694,0.471,-8.62,95.003,acoustic
Mother's Daughter;Beck Pete,A Sky Full of Stars,55,165067,0.643,0.11,-14.28,101.995,acoustic
Aron Wright,I Don't Believe in Satan,39,208571,0.422,0.41,-14.151,83.952,acoustic
The Perishers,Pills,51,189240,0.543,0.288,-8.608,95.435,acoustic
Tyler Ward;Madysyn,Shallow - Acoustic,52,182553,0.332,0.282,-7.257,187.057,acoustic
Jonah Baker,Watermelon Sugar - Acoustic,56,183093,0.43,0.121,-15.148,91.211,acoustic
Matt Johnson;Jaclyn Davies,Say You Won't Let Go - Acoustic,48,243724,0.432,0.197,-9.251,163.985,acoustic
Kitri,Hikare Inochi,41,322146,0.592,0.769,-5.268,102.033,acoustic
Ben Woodward,Call You Mine (Acoustic Piano),40,209554,0.733,0.297,-14.452,103.953,acoustic
Kina Grannis,For Now,57,198403,0.394,0.249,-10.484,79.549,acoustic
Greg Laswell,Sweet Dream,53,67746,0.41,0.234,-15.236,93.72,acoustic
Andrew Foy,Love Nwantiti,30,129032,0.48,0.158,-15.239,86.107,acoustic
Ross Copperman,Stars Are on Your Side,49,218004,0.255,0.625,-8.31,84.611,acoustic
Jonah Baker;Sara Phillips,We Don't Talk Anymore / Cold (feat. Sara Phillips),26,222911,0.524,0.328,-10.001,99.941,acoustic
Joe Brooks,Superman,53,206693,0.464,0.653,-7.514,162.196,acoustic
Boyce Avenue,Chasing Cars,52,246979,0.659,0.331,-8.987,105.01,acoustic
Zack Tabudlo,Calm Me Down,51,282950,0.592,0.49,-8.508,99.994,acoustic
Masaharu Fukuyama,KISSして,35,222626,0.467,0.851,-4.203,93.873,acoustic
Zack Tabudlo;James TW,Binibini (Last Day On Earth) (feat. James TW),54,219692,0.564,0.391,-7.655,130.03,acoustic
Ciaran Lavery,Left for America,50,170786,0.498,0.384,-10.752,79.856,acoustic
John Frusciante,Ramparts,53,70133,0.386,0.428,-9.949,172.311,acoustic
Chord Overstreet,Hold On - Acoustic,48,200346,0.702,0.259,-9.73,120.102,acoustic
The Civil Wars,Dust to Dust,49,229653,0.747,0.265,-14.141,138.017,acoustic
Masaharu Fukuyama,Good night,35,354213,0.522,0.498,-7.247,145.908,acoustic
Zack Tabudlo,As You Are,60,183969,0.715,0.438,-6.147,81.07,acoustic
Zack Tabudlo,Binibini,65,221538,0.642,0.374,-10.606,129.863,acoustic
Sara Farell,It Aint Me,52,192545,0.354,0.415,-6.578,175.537,acoustic
A Great Big World,Say Something,57,233266,0.447,0.158,-7.571,140.942,acoustic
Ingrid Michaelson;AJR,The Lotto,59,193695,0.687,0.748,-4.54,88.944,acoustic
Rodrigo y Gabriela,Tamacun,50,205800,0.588,0.914,-7.442,128.553,acoustic
Andrew Belle,Make It Without You,49,272612,0.456,0.205,-8.437,117.663,acoustic
Priscilla Ahn,Dream,54,211240,0.512,0.248,-10.359,109.692,acoustic
JJ Heller,"Big Love, Small Moments",52,204293,0.582,0.282,-9.229,118.019,acoustic
Priscilla Ahn,I Am Not Alone,46,252386,0.568,0.18,-11.707,112.033,acoustic
Joshua Hyslop,Stand Your Ground,62,203253,0.71,0.271,-9.541,131.88,acoustic
Front Porch Step,Perfect Man,32,291332,0.574,0.704,-4.65,117.086,acoustic
Takehara Pistol,あ。っという間はあるさ,33,172373,0.64,0.895,-3.068,115.941,acoustic
Eric Hutchinson,Tell The World,58,161328,0.669,0.854,-5.899,120.035,acoustic
Brett Dennen,Ain't No Reason,57,220306,0.615,0.358,-9.694,146.06,acoustic
Rail Yard Ghosts,A Month from Now,34,192392,0.415,0.619,-7.624,77.009,acoustic
Five For Fighting,What If,55,207228,0.565,0.895,-5.354,149.919,acoustic
The Bridge City Sinners,Pussy Cat,33,122874,0.586,0.702,-4.418,177.598,acoustic
Frank Turner,Polaroid Picture,33,223015,0.564,0.604,-5.055,113.091,acoustic
Matt Costa,I Bet On Flying High,0,155000,0.543,0.359,-6.571,109.735,acoustic
Matt Costa,I Bet On Flying High,0,155000,0.543,0.359,-6.571,109.735,acoustic
Matt Costa,I Bet On Flying High,0,155000,0.543,0.359,-6.571,109.735,acoustic
Jonah Baker,Mirrors - Acoustic,52,224170,0.638,0.287,-11.174,128.025,acoustic
Aqualung;Kina Grannis,To the Wonder (feat. Kina Grannis),21,239004,0.515,0.46,-11.261,140.067,acoustic
Jonah Baker,Stay - Acoustic,50,181311,0.622,0.221,-14.335,131.827,acoustic
Ichiko Aoba,太陽さん,55,144653,0.44,0.0353,-20.858,181.988,acoustic
Kina Grannis,Oh What A Love,46,235135,0.457,0.064,-19.928,147.824,acoustic
Meiko,Leave The Lights On,56,248360,0.649,0.821,-6.483,121.938,acoustic
Erin McCarley,I Won't Let You Down,40,198344,0.495,0.329,-11.661,72.992,acoustic
Jason Mraz,Look For The Good (Single Version),21,239697,0.71,0.615,-8.23,90.263,acoustic
Isabella Celander,Stargazing,55,186334,0.69,0.204,-12.427,139.587,acoustic
Roses & Frey,Bad Liar,50,226877,0.596,0.195,-11.02,82.114,acoustic
Rachael Yamagata,Is It You,41,273260,0.66,0.743,-8.302,130.025,acoustic
Us The Duo,Slow Down Time,44,196920,0.733,0.657,-6.843,109.954,acoustic
Amber Leigh Irish,2002 - Acoustic,57,145056,0.589,0.296,-9.335,165.799,acoustic
Jess Penner,Sweeter,33,196026,0.686,0.377,-9.59,92.042,acoustic
Daniel Robinson,Heat Waves - Acoustic,56,193027,0.659,0.338,-10.367,145.877,acoustic
Yosui Inoue;Tamio Okuda,アジアの純真,32,233280,0.732,0.83,-6.63,111.664,acoustic
Jonah Baker;Celine,If the World Was Ending - Acoustic,35,213091,0.522,0.202,-13.38,147.992,acoustic
Greg Laswell,Comes And Goes (In Waves),55,253546,0.565,0.698,-8.596,120.013,acoustic
Masaharu Fukuyama,ながれ星,33,317400,0.474,0.408,-11.42,143.881,acoustic
Blame Jones,Dusk Till Dawn - Acoustic,46,167616,0.543,0.244,-8.062,126.341,acoustic
Ben Woodward,Don't Wanna Leave You,38,211672,0.672,0.644,-9.063,148.135,acoustic
Stephen Speaks,Passenger Seat,65,274245,0.515,0.769,-5.696,153.046,acoustic
Matt White,Love,60,170040,0.759,0.684,-5.751,107.948,acoustic
Boyce Avenue,Hallelujah,54,267765,0.62,0.21,-9.633,98.558,acoustic
Madi Diaz,Ashes,37,250146,0.497,0.254,-11.716,110.864,acoustic
Masaharu Fukuyama,明日の☆SHOW,34,290480,0.644,0.603,-5.83,113.413,acoustic
Boyce Avenue,Love Me Like You Do,55,198218,0.45,0.254,-9.873,92.644,acoustic
Canyon City,Lost Sparks,51,225400,0.548,0.3,-12.71,135.902,acoustic
Tristan Prettyman,Who We Are,48,259877,0.521,0.507,-7.007,108.168,acoustic
Masaharu Fukuyama,Heart (Original Version),34,288426,0.587,0.842,-6.04,97.013,acoustic
JJ Heller,It'll Be Alright,51,219363,0.543,0.324,-11.258,139.883,acoustic
Ingrid Michaelson,Everybody,54,208426,0.742,0.636,-6.744,95.002,acoustic
Mark Oblea,Kabilugan Ng Buwan,32,283480,0.707,0.402,-9.773,94.99,acoustic
Ingrid Michaelson,Keep Breathing,54,205586,0.52,0.308,-11.996,125.93,acoustic
Boyce Avenue;Kina Grannis,Fast Car,61,304293,0.392,0.251,-9.845,204.961,acoustic
Boyce Avenue,Just the Way You Are,55,239573,0.531,0.296,-7.594,106.359,acoustic
Andrew Belle,The Ladder,55,227128,0.681,0.608,-8.369,123.991,acoustic
Masaharu Fukuyama,HELLO (Original Version),34,243066,0.569,0.861,-4.547,77.983,acoustic
Hanare Gumi,接吻,33,369200,0.707,0.296,-11.633,88.006,acoustic
Brett Dennen;Benedict Cumberbatch,Can't Keep It Inside,45,77093,0.519,0.0646,-18.898,121.696,acoustic
Hanare Gumi,明日天気になれ,33,244840,0.608,0.705,-5.178,111.204,acoustic
Masaharu Fukuyama,IT'S ONLY LOVE,34,275266,0.585,0.734,-5.365,117.84,acoustic
Masaharu Fukuyama,それがすべてさ,34,330720,0.527,0.89,-5.651,102.644,acoustic
A Great Big World,I Don't Wanna Love Somebody Else,49,163960,0.495,0.22,-11.16,126.618,acoustic
RENT STRIKE,Burn It All!,33,193874,0.628,0.424,-8.539,99.696,acoustic
Brandi Carlile,Carried Me With You,62,213732,0.639,0.666,-7.775,98.384,acoustic
Mischief Brew,"O, Pennsyltucky!",33,227053,0.245,0.624,-5.606,162.586,acoustic
Frank Turner,"I Believed You, William Blake",31,215440,0.387,0.526,-7.611,130.719,acoustic
Get Dead,Pepperspray,32,136543,0.539,0.675,-6.987,142.041,acoustic
Get Dead,Stickup,32,223707,0.487,0.837,-5.865,160.025,acoustic
Grace George,Heaven - Acoustic,54,188181,0.529,0.24,-9.066,131.266,acoustic
Jack Savoretti,Soldier's Eyes,50,171760,0.666,0.289,-12.404,109.965,acoustic
Ichiko Aoba,Asleep Among Endives,58,306243,0.451,0.0318,-19.933,123.985,acoustic
Thomas Daniel,Symphony - Acoustic,49,192389,0.359,0.208,-10.567,83.155,acoustic
Boyce Avenue;Fifth Harmony,When I Was Your Man,52,218472,0.403,0.237,-10.001,144.174,acoustic
Amber Leigh Irish,Save Your Tears - Acoustic,49,177818,0.693,0.111,-12.356,110.813,acoustic
Gen Hoshino,Koi,53,251266,0.598,0.819,-2.619,158.115,acoustic
Richard Walters,July Bones,54,239400,0.596,0.27,-11.486,100.006,acoustic
Kaiak;Viktoria Tolstoy,Autumn Breeze,50,241413,0.589,0.334,-10.08,80.036,acoustic
Boyce Avenue,Save Your Tears,57,216800,0.735,0.275,-8.994,116.004,acoustic
Bailey Rushlow,You're Still The One - Acoustic,53,161306,0.605,0.168,-11.388,119.836,acoustic
Kina Grannis,Somebody Loved,57,153105,0.612,0.107,-15.867,78.393,acoustic
Boyce Avenue,Rise,49,202167,0.568,0.177,-11.277,103.822,acoustic
John Adams,Bohemian Rhapsody - Acoustic,52,173426,0.451,0.0665,-13.862,64.289,acoustic
Amber Leigh Irish,As It Was - Acoustic,51,144644,0.595,0.0477,-14.672,118.162,acoustic
Canyon City,Wish List,46,212760,0.307,0.11,-15.253,201.008,acoustic
Chord Overstreet,Beautiful Disaster,41,241758,0.3,0.27,-14.397,144.589,acoustic
Wayne Mack,Fake a smile,57,169600,0.731,0.191,-11.359,149.91,acoustic
Aimyon,Marigold,50,306626,0.545,0.745,-3.098,106.094,acoustic
Sungha Jung,River Flows In You,42,214466,0.356,0.23,-16.957,129.532,acoustic
Tamio Okuda,Kill Me Pretty,47,160466,0.432,0.796,-7.262,141.868,acoustic
Us The Duo,No Matter Where You Are,55,178826,0.693,0.664,-5.852,132.059,acoustic
Ben Rector,I Like You,56,138506,0.624,0.334,-11.89,157.92,acoustic
Parachute,The Mess I Made,49,230613,0.423,0.572,-5.109,165.394,acoustic
Zee Avi,Dream a Little Dream of Me,50,111842,0.555,0.0879,-12.141,84.174,acoustic
Joshua Radin,"Here, Right Now",56,183213,0.496,0.391,-9.844,108.868,acoustic
Boyce Avenue,Wonderful Tonight,52,220507,0.671,0.299,-10.582,95.008,acoustic
Gabrielle Aplin,Salvation,50,248506,0.379,0.267,-8.981,135.198,acoustic
Jon Bryant,Wilderness,53,269986,0.499,0.209,-16.668,82.892,acoustic
Masaharu Fukuyama,恋人 (Original Version),33,272773,0.649,0.336,-12.053,71.967,acoustic
Bailey Pelkman;Randy Rektor,I Just Called To Say I Love You,54,189646,0.746,0.257,-9.878,132.032,acoustic
A Great Big World;Christina Aguilera,Fall on Me,50,262820,0.393,0.268,-6.741,110.456,acoustic
John Frusciante,Song To Sing When I'm Lonely,54,195213,0.629,0.673,-4.379,114.243,acoustic
Ron Pope,A Drop In the Ocean,55,228311,0.458,0.363,-6.473,134.252,acoustic
Tres Hermanas,Have Yourself a Merry Little Christmas,32,155792,0.452,0.268,-9.405,66.805,acoustic
Masaharu Fukuyama,Message (Original Version),33,256506,0.616,0.791,-6.246,126.764,acoustic
Matt Johnson,Beautiful In White,50,240000,0.619,0.278,-7.072,129.948,acoustic
The Mayries,Heaven Is a Place on Earth,56,193333,0.634,0.176,-14.703,107.974,acoustic
Stephen Speaks,Passenger Seat (Acoustic),63,273066,0.549,0.437,-8.64,153.604,acoustic
Eddie Vedder,Guaranteed - Humming Version,48,162309,0.292,0.339,-13.153,100.69,acoustic
Dave Van Ronk,"Hang Me, Oh Hang Me",54,190106,0.504,0.0273,-21.441,120.24,acoustic
John Frusciante;Josh Klinghoffer,The Afterglow,31,319320,0.636,0.869,-5.095,124.183,acoustic
Frank Turner,Eat the Meek,31,237093,0.486,0.913,-6.416,136.073,acoustic
Joy Williams,The Trouble with Wanting,60,235586,0.396,0.198,-9.096,138.624,acoustic
Ray LaMontagne,You Are the Best Thing,67,231840,0.578,0.727,-4.872,170.593,acoustic
Mischief Brew,Boycott Me!,33,163666,0.684,0.509,-7.608,132.297,acoustic
Days N Daze;Freddie Boatright,To Risk to Live,32,122026,0.623,0.567,-7.779,129.949,acoustic
The Bridge City Sinners,"The Legend of Olog-hai, Pt. 1",31,165799,0.228,0.574,-7.959,182.379,acoustic
Zee Avi,No Christmas For Me,0,160666,0.809,0.313,-12.182,114.955,acoustic
Get Dead,This One's for Johnny,31,195640,0.482,0.772,-5.128,129.91,acoustic
Highland Peak,Graveyard - Acoustic,45,254296,0.425,0.249,-12.219,123.632,acoustic
Ichiko Aoba,bouquet,56,256361,0.298,0.044,-20.176,85.708,acoustic
Aoi Teshima,こころをこめて,45,297266,0.468,0.254,-11.839,135.862,acoustic
AcousticTrench,Paradise,42,170125,0.507,0.191,-16.342,132.131,acoustic
Parachute,Better,46,273026,0.515,0.249,-10.108,108.89,acoustic
Matt Nathanson,Laid,50,182826,0.565,0.89,-5.481,119.862,acoustic
Lee DeWyze,Same For You,45,217373,0.635,0.433,-7.682,130.111,acoustic
Clementine Duo,2U - Acoustic Version,56,208102,0.657,0.192,-13.108,130.087,acoustic
Rachael Yamagata,Duet,43,241120,0.459,0.14,-15.482,128.904,acoustic
Brandon Chase,I'll Say I Do,39,235000,0.391,0.31,-8.706,83.46,acoustic
Bailey Jehl,Anyone,53,172766,0.371,0.208,-13.167,199.805,acoustic
Gabrielle Aplin,Start of Time,45,239855,0.453,0.461,-9.328,106.84,acoustic
Zack Tabudlo,Give Me Your Forever,32,244800,0.627,0.363,-8.127,99.905,acoustic
Bailey Jehl,Heat Waves,53,141286,0.706,0.248,-12.724,125.515,acoustic
Clementine Duo,There She Goes,54,145514,0.724,0.28,-12.788,106.966,acoustic
Joshua Hyslop,Wells,51,223386,0.535,0.444,-11.212,83.99,acoustic
Kina Grannis;Imaginary Future,God Only Knows,55,136542,0.658,0.125,-15.901,106.686,acoustic
Andrew Foy;Renee Foy,Afterglow,33,211358,0.711,0.168,-16.504,109.937,acoustic
Kurt Cobain,Burn The Rain,55,76453,0.504,0.415,-19.308,114.263,acoustic
Us The Duo,Already Mine,46,273126,0.309,0.175,-11.816,155.69,acoustic
Hanare Gumi,きみはぼくのともだち,30,268736,0.628,0.027,-13.64,122.007,acoustic
Gabrielle Aplin,Never Be the Same,46,205658,0.49,0.674,-7.276,122.807,acoustic
Austin Basham,All Is Well,60,256680,0.316,0.413,-12.216,155.69,acoustic
Gabrielle Aplin,My Mistake,51,265386,0.47,0.271,-7.636,145.902,acoustic
Us The Duo,Near Or Far,47,219306,0.515,0.317,-10.286,79.91,acoustic
Drew Holcomb & The Neighbors,Without a Light,60,142200,0.493,0.435,-12.334,87.952,acoustic
Parachute,Lonely With Me,51,218813,0.589,0.809,-5.6,87.013,acoustic
Boyce Avenue;Megan Davies;Jaclyn Davies,Time After Time,60,222250,0.313,0.321,-8.713,53.845,acoustic
Eastmountainsouth,So Are You To Me,52,117760,0.302,0.0783,-14.968,140.485,acoustic
Peter Bradley Adams,My Arms Were Always Around You,54,200800,0.643,0.436,-12.245,91.485,acoustic
The Civil Wars,Dance Me to the End of Love - Bonus,52,185053,0.482,0.178,-11.141,110.128,acoustic
Eddie Vedder,Photographs,51,60413,0.539,0.353,-10.191,54.571,acoustic
Suy Galvez,Baby Now That I Found You,30,244813,0.707,0.531,-7.21,107.994,acoustic
Suy Galvez,Right Here Waiting,30,169733,0.707,0.467,-7.511,110.096,acoustic
Howlin' Wolf,Smokestack Lightnin',62,188400,0.661,0.342,-16.361,146.118,acoustic
Stephen Speaks,Passenger Seat,64,274480,0.523,0.554,-7.596,152.979,acoustic
Buddy Guy;Bonnie Raitt,Feels Like Rain (feat. Bonnie Raitt),57,275266,0.572,0.348,-13.454,73.304,acoustic
Mance Lipscomb,Sugar Babe,31,124400,0.554,0.4,-11.806,101.191,acoustic
Violent Femmes,Blister In The Sun,71,145706,0.726,0.537,-8.896,96.889,acoustic
Days N Daze,"Little Blue Pills, Pt. 2",31,265195,0.501,0.672,-10.225,122.041,acoustic
Drei Rana;Selena Marie,Paano Ang Simbang Gabi - Kung 'Di Ka Katabi,30,235722,0.505,0.462,-5.692,139.914,acoustic
Frank Turner,Bob,30,188952,0.415,0.713,-5.529,83.69,acoustic
Harley Poe,Psycho,30,241250,0.458,0.823,-4.268,131.638,acoustic
Frank Turner,Perfect Government,30,146129,0.474,0.876,-5.052,91.948,acoustic
The Bridge City Sinners,The Fear,30,161205,0.444,0.674,-6.675,111.377,acoustic
Ben Rector,Living My Best Life,59,215213,0.566,0.733,-5.302,178.828,acoustic
Frank Turner,Haven't Been Doing So Well,30,196813,0.367,0.892,-3.91,81.928,acoustic
The Bridge City Sinners,"The Legend of Olog-hai, Pt. 2",30,184217,0.258,0.729,-6.457,116.943,acoustic
Brandi Carlile;Lucius,You and Me On The Rock (feat. Lucius),63,230098,0.568,0.686,-6.635,172.075,acoustic
Get Dead,Glitch,30,129472,0.571,0.696,-8.688,155.133,acoustic
Jonah Baker,A Thousand Years - Acoustic,44,249728,0.385,0.114,-13.005,93.314,acoustic
Trevor Hall;Marieme,2 Oceans,54,213055,0.588,0.569,-7.721,101.988,acoustic
Ben Woodward,Golden Hour - Acoustic Piano,28,168571,0.276,0.289,-10.879,86.465,acoustic
Brandon Chase,Without Me,47,202219,0.664,0.301,-8.135,115.877,acoustic
Aron Wright,You & Me (The Wildfire),41,242347,0.506,0.24,-14.737,130.96,acoustic
Sara Farell,Dancing With A Stranger,43,188735,0.595,0.18,-11.391,79.922,acoustic
Zack Tabudlo,Pero,65,256648,0.644,0.412,-9.14,118.49,acoustic
Jonah Baker,Good 4 U (Acoustic),53,174677,0.607,0.178,-15.471,127.956,acoustic
Greg Laswell,And Then You,47,209583,0.63,0.342,-13.377,77.515,acoustic
Daniel Robinson,Here With Me - Acoustic,55,164478,0.689,0.299,-9.431,96.825,acoustic
Boyce Avenue,I'll Be There For You (Friends Theme),45,138201,0.473,0.305,-8.48,81.153,acoustic
Zack Tabudlo,Habang Buhay,69,244067,0.62,0.668,-5.719,118.013,acoustic
Gabrielle Aplin,So Far so Good,37,198040,0.751,0.565,-9.106,119.996,acoustic
Colin & Caroline,More Than Gravity,34,266078,0.62,0.468,-9.648,110.969,acoustic
Andrew Belle,Fade into You,53,291676,0.478,0.398,-10.124,159.906,acoustic
Masaharu Fukuyama,東京にもあったんだ,31,382786,0.376,0.702,-5.733,134.817,acoustic
Masaharu Fukuyama,あの夏も 海も 空も,31,322906,0.403,0.631,-5.94,78.522,acoustic
Bailey Jehl,21 Guns,47,243979,0.44,0.119,-12.574,145.186,acoustic
Canyon City,Waves,45,262954,0.407,0.357,-11.659,112.207,acoustic
Jonah Baker,Running Up That Hill (A Deal With God) - Acoustic,51,168042,0.385,0.134,-14.672,203.816,acoustic
Kurt Cobain,Poison's Gone,51,131800,0.429,0.258,-12.408,108.796,acoustic
Masaharu Fukuyama,18 ~eighteen~,31,326600,0.609,0.76,-5.16,117.135,acoustic
Kina Grannis,Build Me Up Buttercup,48,166320,0.721,0.0963,-15.973,124.868,acoustic
The Mayries,Umbrella - Acoustic Version,48,178319,0.675,0.278,-9.569,123.962,acoustic
Gabrielle Aplin,Home,51,249386,0.403,0.29,-10.262,139.482,acoustic
Joshua Radin,You're My Home,55,200893,0.627,0.518,-7.178,95.991,acoustic
Masaharu Fukuyama,vs.2013 ~知覚と快楽の螺旋~,32,292493,0.403,0.925,-3.166,169.978,acoustic
Ysabelle Cuevas,I Like Me Better,54,189673,0.449,0.209,-14.494,93.618,acoustic
Jason Mraz,The Remedy (I Won't Worry),60,256440,0.589,0.867,-4.523,94.52,acoustic
Bailey Pelkman;Randy Rektor,Something Stupid,47,147809,0.789,0.261,-14.396,117.961,acoustic
Ethan Loukas;Janine Teñoso,Hanap-Hanap,29,246644,0.663,0.239,-9.517,83.102,acoustic
John Frusciante,The Will To Death,51,228426,0.498,0.113,-16.097,168.383,acoustic
Adam Christopher,Boulevard of Broken Dreams (Acoustic),41,207400,0.586,0.149,-13.369,75.121,acoustic
Kina Grannis,Can't Help Falling In Love,48,188354,0.444,0.143,-11.449,100.341,acoustic
Penny and Sparrow,Eloise,61,168712,0.606,0.415,-8.317,137.775,acoustic
Sonny Boy Williamson II,Help Me,60,188200,0.745,0.436,-9.617,114.216,acoustic
Shannon & Keast,Everytime We Touch (Acoustic),45,181496,0.526,0.139,-11.316,100.852,acoustic
Ray LaMontagne,Let It Be Me,58,280226,0.614,0.283,-8.008,107.673,acoustic
Mia Rollo,Beer,29,254306,0.473,0.493,-6.733,169.998,acoustic
Boyce Avenue,Someone Like You,57,276146,0.439,0.207,-9.573,136.514,acoustic
Suy Galvez,You've Got a Friend,29,274720,0.665,0.487,-9.409,94.978,acoustic
JJ Heller,This Little Light of Mine,49,159820,0.534,0.26,-12.406,113.877,acoustic
Takehara Pistol,Amazing Grace,30,178573,0.457,0.26,-7.952,106.756,acoustic
Days N Daze,Remnants of What People Used to Be,30,175046,0.5,0.611,-10.826,88.372,acoustic
AJJ,Linda Ronstadt,31,180771,0.448,0.516,-7.449,100.672,acoustic
SANNA NORTH,Unsteady - Acoustic Covers Versions of Popular Songs,29,191052,0.699,0.343,-6.052,114.021,acoustic
Brandi Carlile,Heart's Content,59,214666,0.564,0.209,-8.922,109.024,acoustic
The Bridge City Sinners,The Damned,30,167466,0.404,0.577,-8.272,112.215,acoustic
Pigeon Pit,Hot Knives,30,252760,0.501,0.44,-8.167,89.881,acoustic
Get Dead,Nickel Plated,29,136815,0.461,0.893,-6.028,179.92,acoustic
Adam Christopher,Peaches - Acoustic,55,190909,0.675,0.243,-13.392,142.87,acoustic
A Great Big World,You,49,218133,0.505,0.31,-10.423,82.591,acoustic
Andrew Belle,Swimmers,50,181093,0.547,0.599,-8.174,120.054,acoustic
Kris Allen,Live Like We're Dying,55,212506,0.589,0.893,-2.948,92.011,acoustic
Lúc,Somebody That I Used To Know,49,172454,0.503,0.123,-14.312,183.571,acoustic
Ben Woodward,Lost Without You,32,234046,0.611,0.534,-8.899,159.985,acoustic
Masayoshi Yamazaki,"One more time, One more chance",53,330200,0.55,0.408,-8.404,129.152,acoustic
The Mayries,you broke me first,46,190981,0.656,0.3,-9.905,120.006,acoustic
Gabrielle Aplin,Skylight,23,240449,0.524,0.566,-5.443,159.914,acoustic
Edy Hafler,Game of Thrones,41,89268,0.34,0.309,-12.98,176.899,acoustic
The Perishers,Nothing Like You and I,49,213453,0.598,0.291,-8.627,123.978,acoustic
Mat Kearney,Wanted Man,59,235106,0.514,0.319,-8.978,203.651,acoustic
The Mayries,Back To You,43,219976,0.448,0.256,-10.17,77.272,acoustic
Masaharu Fukuyama,何度でも花が咲くように私を生きよう,31,259493,0.441,0.423,-7.572,88.865,acoustic
Boyce Avenue,Scared to Be Lonely,46,222052,0.636,0.169,-11.191,138.236,acoustic
Kurt Cobain,Sappy - Early Demo,50,148573,0.445,0.289,-19.113,104.006,acoustic
Allman Brown,Ancient Light,41,244900,0.435,0.208,-15.75,69.027,acoustic
Sara Farell;Simon Samaeng,I Don't Wanna Live Forever (Fifty Shades Darker) - Acoustic Version,48,232500,0.656,0.349,-6.841,118.026,acoustic
Andrew Foy;Renee Foy,Before You Go,36,195535,0.609,0.0866,-19.163,167.892,acoustic
Mat Kearney,Ships In The Night,44,255893,0.448,0.885,-3.755,178.151,acoustic
Joshua Radin,Only You,56,149013,0.545,0.255,-14.844,98.088,acoustic
Sakura Fujiwara,Waver,29,207933,0.626,0.682,-5.656,75.02,acoustic
JJ Heller,Missing Peace,52,238733,0.572,0.317,-9.108,78.009,acoustic
Masaharu Fukuyama,聖域,31,236853,0.368,0.871,-3.032,107.721,acoustic
Canyon City,Firework,47,182744,0.51,0.32,-10.371,92.385,acoustic
Ray LaMontagne,Such A Simple Thing - Recorded at Sound Stage Studios Nashville,56,307534,0.55,0.334,-10.73,72.235,acoustic
Eddie van der Meer,"Sad Theme (From ""One Punch Man"")",37,81000,0.487,0.162,-11.238,82.33,acoustic
Gabrielle Aplin,Don't Know What I Want,24,145720,0.309,0.349,-8.402,180.075,acoustic
Gabrielle Aplin,Call Me,23,208400,0.38,0.468,-4.245,143.504,acoustic
Suy Galvez,TRUE,28,287760,0.716,0.525,-8.733,96.993,acoustic
Boyce Avenue;Rachel Grae,I Can't Make You Love Me,51,243680,0.407,0.222,-7.991,123.618,acoustic
Tristan Prettyman,Say Anything,51,236379,0.657,0.43,-10.202,91.967,acoustic
Matt Nathanson,All We Are,51,216933,0.534,0.492,-8.905,82.465,acoustic
Joshua Hyslop,Gentle Heart,50,265173,0.603,0.374,-10.875,135.946,acoustic
Masaharu Fukuyama,All My Loving (Original Version),31,245800,0.725,0.746,-8.214,102.87,acoustic
Masayoshi Yamazaki,アンダルシアに憧れて,30,358040,0.448,0.755,-5.719,156.045,acoustic
Masaharu Fukuyama,想 -new love new world-,31,280546,0.595,0.879,-4.849,124.784,acoustic
Drei Rana,Last Christmas,29,230915,0.686,0.285,-10.912,103.995,acoustic
Trevor Hall,Green Mountain State,61,274632,0.693,0.367,-11.66,129.879,acoustic
Maris Racal,Di Papakawalan,28,244528,0.71,0.402,-9.91,106.024,acoustic
The Weepies;Deb Talan;Steve Tannen,Can't Go Back Now,55,137880,0.691,0.552,-9.114,119.931,acoustic
Hanare Gumi,ウイスキーが、お好きでしょ,29,152100,0.642,0.237,-16.142,137.4,acoustic
Days N Daze,Ditches,30,162282,0.48,0.77,-3.547,126.225,acoustic
Eric Hutchinson,Outside Villanova,29,255680,0.785,0.732,-6.177,137.946,acoustic
Apes of the State,Timeline,30,216894,0.668,0.304,-9.415,112.338,acoustic
Gail Blanco,I'll Never Fall in Love Again,29,239000,0.758,0.406,-10.474,109.984,acoustic
The Bridge City Sinners,Stray Cat Strut,29,128731,0.49,0.749,-2.244,144.87,acoustic
Days N Daze,Goodbye Lulu Pt.2,30,381910,0.389,0.864,-3.218,98.11,acoustic
Days N Daze,Days n Daze of Our Lives,29,196161,0.387,0.524,-9.633,95.623,acoustic
Get Dead,8 Track,28,156533,0.408,0.974,-5.501,197.008,acoustic
Jonah Baker,Ghost - Acoustic,42,155050,0.486,0.0745,-14.271,145.912,acoustic
Eden Elf;Ren Avel,4am,49,125677,0.638,0.329,-13.683,94.125,acoustic
Adam Christopher;Dan Berk,"10,000 Hours - Acoustic",53,169058,0.522,0.382,-6.765,169.861,acoustic
Amber Leigh Irish,Yellow - Acoustic,50,196724,0.49,0.204,-10.992,167.573,acoustic
Lúc,No Air,52,199114,0.674,0.116,-13.448,129.976,acoustic
Anna Hamilton,Self Help,36,156923,0.778,0.445,-8.228,130.01,acoustic
Lee DeWyze,Blackbird Song,49,254615,0.259,0.195,-13.639,146.011,acoustic
Jonah Baker,Easy On Me - Acoustic,40,222186,0.408,0.095,-18.102,137.546,acoustic
Bailey Rushlow,Chasing Cars - Acoustic,51,236298,0.663,0.26,-9.587,107.931,acoustic
Emilie Mover,Can't Take My Eyes Off of You,41,203024,0.625,0.818,-6.296,123.905,acoustic
William Fitzsimmons,Fortune - Acoustic,55,228013,0.529,0.0546,-23.684,78.451,acoustic
Vivid Color,Lot To Learn,52,226470,0.57,0.468,-4.192,137.855,acoustic
Bailey Jehl,Apologize,51,181596,0.566,0.168,-12.483,116.286,acoustic
Zack Tabudlo,First & Last,49,192631,0.598,0.249,-10.847,113.829,acoustic
Albert Collins,"Cold, Cold Feeling",54,318840,0.713,0.281,-11.057,148.301,acoustic
Phillip LaRue,Sweet Love,46,267862,0.547,0.328,-11.118,139.959,acoustic
Us The Duo,Shotgun,45,174884,0.806,0.263,-10.43,115.854,acoustic
Masaharu Fukuyama,HEY!,30,347200,0.548,0.889,-6.106,95.289,acoustic
Jason Mraz,Have It All,53,226098,0.643,0.617,-4.95,82.029,acoustic
The Perishers,Trouble Sleeping,48,282133,0.428,0.813,-4.478,91.053,acoustic
Jon McLaughlin,Beautiful Disaster,52,251640,0.432,0.664,-4.662,156.216,acoustic
Sara Bareilles,Breathe Again,51,298280,0.366,0.482,-7.9,169.677,acoustic
Ray LaMontagne,Trouble,59,241546,0.325,0.424,-12.733,173.352,acoustic
Boyce Avenue,Memories,53,197170,0.46,0.195,-12.093,176.119,acoustic
Tyrone Wells,Sink Or Swim,47,178093,0.613,0.812,-3.524,119.979,acoustic
EJ De Perio,Tama Na,28,230545,0.492,0.33,-8.967,132.005,acoustic
Beyond The Guitar,"He's A Pirate (From ""Pirates of the Caribbean"")",30,163813,0.57,0.454,-7.613,101.476,acoustic
Yosui Inoue,能古島の片想い - Remastered 2018,29,212080,0.494,0.465,-6.095,132.501,acoustic
Zee Avi,Bitter Heart,48,156773,0.74,0.377,-10.013,78.988,acoustic
Hannah's Yard,I Want to Know What Love Is - Acoustic,52,171486,0.49,0.263,-9.248,73.834,acoustic
Hanare Gumi,ハンキーパンキー,28,312133,0.465,0.211,-14.143,83.257,acoustic
JJ Heller,Ordinary Days,51,248386,0.477,0.34,-11.666,173.86,acoustic
JJ Heller,Moon River,53,291386,0.411,0.191,-10.178,74.92,acoustic
Ben Rector,Forever Like That,52,254026,0.592,0.304,-9.833,114.72,acoustic
JJ Heller,Neighbor,42,236000,0.439,0.292,-10.92,82.222,acoustic
Takehara Pistol,一等賞,29,133840,0.659,0.83,-4.659,127.014,acoustic
Hanare Gumi,音タイム,29,229533,0.373,0.716,-7.358,134.764,acoustic
Brandi Carlile,The Joke,60,279373,0.236,0.578,-5.477,75.367,acoustic
Eddie Vedder,Toulumne,51,60306,0.337,0.287,-15.051,107.031,acoustic
Vendredi;Son&Dad,Just The Two Of Us - Acoustic,28,124742,0.462,0.424,-7.038,97.675,acoustic
Chris Cresswell,Arrythmic Palpitations,27,169000,0.51,0.485,-4.432,154.97,acoustic
Chuck Ragan,The Boat,28,196213,0.56,0.755,-3.923,147.138,acoustic
Albert King,Born Under A Bad Sign - Mono Mix,58,169997,0.711,0.483,-11.211,91.652,acoustic
The Weepies;Deb Talan;Steve Tannen,Nobody Knows Me At All,54,120720,0.759,0.159,-13.035,115.945,acoustic
Tim Vantol,Bitter Morning Taste,28,149274,0.38,0.396,-6.507,103.621,acoustic
Days N Daze,DBS Out,29,127033,0.598,0.599,-10.265,90.206,acoustic
Vendredi;Son&Dad,Crazy - (Acoustic Mix),28,169404,0.651,0.425,-6.002,104.819,acoustic
The Bridge City Sinners,Dungeon Song,28,202594,0.306,0.948,-2.877,135.76,acoustic
Chad Hates George,Can I Sleep On Your Floor??,28,125100,0.469,0.457,-10.102,84.064,acoustic
Frank Turner,Josephine,28,202400,0.442,0.898,-4.662,144.299,acoustic
Ichiko Aoba,いきのこり●ぼくら,52,406103,0.592,0.0833,-16.517,143.243,acoustic
Boyce Avenue,Careless Whisper,46,247805,0.698,0.389,-6.246,76.897,acoustic
Aron Wright,Look After You,47,191765,0.396,0.293,-10.739,145.556,acoustic
Acoustic Guitar Collective,Perfect,39,192397,0.559,0.118,-16.34,97.1,acoustic
Kina Grannis,When the Party's Over,50,154732,0.52,0.171,-14.5,123.565,acoustic
Howie Day,Longest Night,43,215746,0.231,0.636,-7.257,202.098,acoustic
Andrew Foy;Renee Foy,Photograph,30,218590,0.807,0.0459,-19.883,110.512,acoustic
Ciaran Lavery,Shame,53,251960,0.619,0.299,-7.744,115.405,acoustic
Bailey Jehl,Iris,51,165223,0.605,0.316,-8.924,134.054,acoustic
Jules Larson,Running Wild,31,228387,0.529,0.663,-7.036,96.991,acoustic
Masaharu Fukuyama,彼方で,29,272320,0.459,0.57,-5.672,72.978,acoustic
Rosi Golan,Hazy (Featuring William Fitzsimmons),43,235960,0.515,0.0686,-17.61,113.185,acoustic
Colin & Caroline,Let It Go,55,194129,0.46,0.319,-8.621,145.765,acoustic
Gen Hoshino,I Wanna Be Your Ghost (feat. Ghosts),50,225533,0.829,0.751,-4.937,129.993,acoustic
Masaharu Fukuyama,約束の丘,30,326413,0.524,0.852,-4.708,92.748,acoustic
Ingrid Michaelson,Young And In Love,46,208226,0.626,0.575,-7.507,119.97,acoustic
Jason Mraz,No Plans,46,148000,0.491,0.304,-9.379,149.288,acoustic
Boyce Avenue,Easy on Me,52,260040,0.586,0.514,-6.267,142.021,acoustic
Eddie Vedder;Cat Power,Tonight You Belong To Me,44,101539,0.653,0.174,-11.07,138.981,acoustic
Ysabelle Cuevas,Closer,51,178666,0.558,0.172,-13.379,90.146,acoustic
Boyce Avenue,One Last Breath,53,236800,0.45,0.335,-6.833,125.484,acoustic
The Civil Wars,Devil's Backbone,47,149426,0.254,0.349,-10.02,170.214,acoustic
Will Moore,Waltzing Matilda,48,148127,0.625,0.285,-13.819,141.611,acoustic
Ingrid Michaelson,Girls Chase Boys,56,221413,0.518,0.828,-5.725,84.835,acoustic
Jason Mraz,The Woman I Love,48,190751,0.591,0.647,-8.34,79.68,acoustic
C.W. Stoneking,The Love Me or Die,47,234600,0.609,0.53,-5.465,150.405,acoustic
Masaharu Fukuyama,美しき花,29,330026,0.524,0.797,-6.611,105.901,acoustic
Suy Galvez,Isn't She Lovely,28,181466,0.71,0.646,-5.945,120.028,acoustic
Mone Kamishiraishi,世界中の誰よりきっと,28,217466,0.578,0.636,-5.506,124.9,acoustic
KT Tunstall,Black Horse And The Cherry Tree,67,172373,0.748,0.786,-7.788,104.833,acoustic
Johnnyswim,Drunks,29,279068,0.399,0.461,-10.694,96.591,acoustic
Drew Holcomb;Ellie Holcomb;Drew Holcomb & The Neighbors,Coming Home,56,146360,0.625,0.81,-5.995,104.066,acoustic
Freddie King,I'm Tore Down,54,253333,0.64,0.496,-11.124,116.632,acoustic
JJ Heller,Neighbor (Piano Version),25,236000,0.446,0.142,-12.119,115.911,acoustic
Ben Rector,I Will Always Be Yours,49,226826,0.444,0.771,-4.607,148.028,acoustic
Days N Daze,Nine on the Bortle,28,269139,0.408,0.685,-10.773,159.831,acoustic
Frank Turner,Redemption,28,288133,0.658,0.678,-6.807,131.976,acoustic
KT Tunstall,Other Side Of The World,29,214560,0.427,0.695,-5.378,160.142,acoustic
Eddie Vedder,Setting Forth,53,97866,0.549,0.78,-5.08,119.369,acoustic
Frank Turner,Eulogy,28,94466,0.284,0.108,-9.352,148.956,acoustic
Days N Daze,Tarnished Ol' Photograph,28,148035,0.522,0.403,-10.989,123.196,acoustic
Marc Broussard,Rocksteady,28,243840,0.719,0.849,-4.233,120.063,acoustic
The Bridge City Sinners,Come on In,28,204926,0.544,0.911,-2.73,114.776,acoustic
The Bridge City Sinners,Laugh While You Can,28,168118,0.672,0.879,-3.693,119.996,acoustic
Frank Turner,Untainted Love,28,174466,0.573,0.789,-5.435,128.077,acoustic
Harley Poe,Whiny Bitch,28,272100,0.495,0.811,-3.1,173.56,acoustic
Days N Daze;Juicy Karkass,I Wanna See It Burn,29,157000,0.48,0.6,-8.976,92.545,acoustic
Mindy Smith,I'll Be Home for Christmas,0,216093,0.57,0.427,-5.873,98.995,acoustic
Mindy Smith,I'll Be Home for Christmas,0,216093,0.57,0.427,-5.873,98.995,acoustic
Mindy Smith,It's Amazing,0,220213,0.612,0.484,-9.773,138.961,acoustic
Anya Marina,How Far Does the Dark Go?,32,245726,0.401,0.546,-5.846,89.331,acoustic
Adam Christopher,THATS WHAT I WANT (Acoustic),35,172857,0.759,0.275,-10.707,73.553,acoustic
Hannah's Yard,Dynamite - Acoustic,49,155904,0.737,0.391,-7.934,93.936,acoustic
SafetySuit,Never Stop (Wedding Version),52,175200,0.639,0.439,-7.157,133.87,acoustic
Meiko,You're Mine (The Chase),31,208386,0.532,0.667,-7.065,144.901,acoustic
Yosui Inoue;Tamio Okuda,パラレル・ラブ,28,246786,0.656,0.826,-3.929,117.648,acoustic
Boyce Avenue;Hannah Trigwell,Let Her Go,48,219650,0.597,0.334,-8.559,134.94,acoustic
Canyon City,So Are We,48,252640,0.496,0.11,-15.584,145.277,acoustic
Eddy Tyler,Shallow,41,214784,0.613,0.346,-11.33,95.981,acoustic
A Great Big World;Futuristic,Hold Each Other (feat. Futuristic),47,216040,0.61,0.796,-5.431,159.944,acoustic
Hanare Gumi,別れの予感,28,274133,0.63,0.367,-11.054,98.995,acoustic
Ray LaMontagne,I Was Born To Love You,60,251933,0.659,0.236,-12.56,78.088,acoustic
Aimyon,Naked Heart,47,296653,0.559,0.448,-4.11,148.02,acoustic
Tyrone Wells,Days I Will Remember,30,201506,0.804,0.457,-7.845,98.035,acoustic
Kaiak,Smell the Coffee,49,201861,0.637,0.46,-9.07,93.955,acoustic
Jason Mraz,Unlonely,51,231266,0.795,0.667,-4.831,97.987,acoustic
Boyce Avenue;Bea Miller,See You Again,50,239802,0.57,0.413,-7.034,152.032,acoustic
Sakura Fujiwara,ゆめのなか,28,247666,0.565,0.566,-7.258,92.017,acoustic
Filip Nordin,More Than You Know - Acoustic Covers of Popular Songs,51,155510,0.776,0.319,-7.496,98.016,acoustic
Gabrielle Aplin,Nothing Really Matters,45,164786,0.328,0.53,-8.124,162.031,acoustic
The Mayries,Don't Wanna Know - Acoustic Version,54,183472,0.438,0.448,-7.676,118.37,acoustic
Allman Brown,Sweetest Thing,54,218502,0.546,0.411,-9.308,79.785,acoustic
Sara Bareilles;John Legend,A Safe Place to Land (feat. John Legend),57,269209,0.424,0.253,-13.259,129.812,acoustic
Suy Galvez,Your Song,27,242880,0.586,0.415,-7.834,140.005,acoustic
The Civil Wars,Billie Jean,57,259920,0.532,0.203,-8.524,89.646,acoustic
"Melvin Taylor;Lucky Peterson;Titus Williams;Ray ""Killer"" Allison",Cadillac Assembly Line,55,318333,0.735,0.355,-19.032,93.553,acoustic
Eddie van der Meer,Pirates of the Caribbean Theme,30,98000,0.315,0.516,-8.112,188.325,acoustic
Takehara Pistol,全て身に覚えのある痛みだろう?,27,182306,0.625,0.776,-7.354,88.002,acoustic
Luther Allison,Life Is A Bitch,41,219640,0.594,0.744,-10.096,102.344,acoustic
Takehara Pistol,オールドルーキー (再録),28,361693,0.414,0.42,-5.647,97.136,acoustic
Jason Mraz,You and I Both,57,218240,0.615,0.812,-6.573,98.954,acoustic
John Frusciante,The Past Recedes,51,233626,0.381,0.334,-11.36,102.632,acoustic
Maris Racal,Laro Laro Laro,27,174124,0.466,0.14,-13.118,147.328,acoustic
Front Porch Step,Stones,27,250987,0.636,0.776,-4.765,95.999,acoustic
Penny and Sparrow,Need You,58,189282,0.545,0.642,-7.344,78.51,acoustic
We The Heathens,When It's Gone,27,209606,0.532,0.54,-6.304,169.826,acoustic
Front Porch Step,Heaven Sent,27,212960,0.615,0.312,-10.054,135.145,acoustic
Gail Blanco,Too Much Heaven,27,294853,0.664,0.45,-7.007,83.987,acoustic
Ramshackle Glory,Face the Void,28,179920,0.466,0.421,-7.428,146.791,acoustic
RENT STRIKE,V: Fair Trade Death March,27,330454,0.342,0.731,-6.015,181.81,acoustic
Days N Daze,Fate of a Coward,28,175046,0.583,0.534,-11.147,123.094,acoustic
Sonny Boy Williamson II,Don't Start Me To Talkin',30,153653,0.699,0.761,-7.264,115.048,acoustic
AJJ,Angel of Death,28,174709,0.645,0.626,-7.551,118.585,acoustic
Ramshackle Glory,Bitter Old Man - Live,28,258866,0.577,0.453,-8.77,132.944,acoustic
Harley Poe,You're a Witch,28,172121,0.529,0.936,-4.061,91.952,acoustic
Frank Turner,Non Serviam,27,119946,0.455,0.961,-4.527,95.069,acoustic
Frank Turner,The Gathering,27,159640,0.455,0.938,-4.316,143.887,acoustic
Eric Lumiere,7 Years,27,244821,0.662,0.268,-7.394,111.594,acoustic
Days N Daze,Comfort epershand Control,28,182204,0.486,0.423,-11.703,127.551,acoustic
Frank Turner,Demons,27,245386,0.285,0.938,-5.414,159.017,acoustic
Aimyon,愛を伝えたいだとか,65,235240,0.673,0.85,-5.021,100.008,acoustic
Gen Hoshino,FUSHIGI,49,290000,0.753,0.574,-4.57,89.024,acoustic
Luther Allison,Bad News Is Coming,52,445533,0.639,0.496,-6.844,140.394,acoustic
Ethan Loukas,I Mean Love,39,193876,0.748,0.428,-7.019,115.067,acoustic
Gabrielle Aplin,Night Bus,38,221826,0.458,0.815,-7.16,118.226,acoustic
Andrew Belle,Dark Matter,45,318439,0.483,0.806,-5.111,147.049,acoustic
Gen Hoshino,Doraemon,41,239933,0.64,0.547,-4.129,159.992,acoustic
Carly Lyman;Jason Lux,Landslide,49,194782,0.483,0.143,-11.535,104.932,acoustic
Joshua Radin,I'd Rather Be With You [Radio Edit],28,163200,0.512,0.671,-7.738,82.342,acoustic
Blame Jones,Leave The Door Open - Acoustic,51,186503,0.817,0.305,-7.73,148.017,acoustic
Michelle Featherstone,Careful,35,256760,0.505,0.835,-4.301,144.171,acoustic
Lusaint,Use Somebody - Acoustic,54,172633,0.591,0.269,-8.554,124.441,acoustic
Kurt Cobain,She Only Lies,48,167186,0.474,0.0699,-27.372,114.606,acoustic
Thomas Daniel,What About Us - Acoustic,60,255510,0.427,0.229,-11.564,125.195,acoustic
Big Mama Thornton,Hound Dog,57,181000,0.563,0.542,-10.862,133.285,acoustic
Ingrid Michaelson,Turn To Stone,45,276386,0.354,0.175,-9.779,111.089,acoustic
Joseph Sullinger,Drawn by the Wind (Arr. for Guitar),34,196487,0.514,0.239,-14.957,119.998,acoustic
Neulore,Don't Shy From The Light,40,269826,0.285,0.305,-10.523,133.513,acoustic
Ben Woodward,Memories (Acoustic),46,183337,0.802,0.183,-17.1,91.078,acoustic
Nathan Angelo,She’s The Song,42,217898,0.614,0.517,-6.205,133.868,acoustic
Andrew Ripp,When You Fall in Love,36,221070,0.63,0.301,-6.952,104.959,acoustic
Jason Mraz,I Won’t Give Up,16,240640,0.543,0.329,-9.46,136.549,acoustic
JJ Heller,Suitcase,46,229519,0.397,0.312,-10.504,179.605,acoustic
Filip Nordin,Stitches,26,140547,0.686,0.347,-6.075,145.837,acoustic
"Melvin Taylor;Lucky Peterson;Titus Williams;Ray ""Killer"" Allison",I 'll Play the Blues for You,52,317133,0.654,0.316,-18.692,94.485,acoustic
Mone Kamishiraishi,PRIDE,26,317146,0.747,0.294,-10.272,119.948,acoustic
Gabrielle Aplin,The Power of Love,50,245160,0.277,0.291,-9.851,75.119,acoustic
Amos Lee,Arms Of A Woman,60,251440,0.54,0.0674,-13.778,141.988,acoustic
Donovan Woods,Seeing Other People,50,186143,0.444,0.44,-11.076,76.959,acoustic
Sara Bareilles,King of Anything,61,207493,0.676,0.762,-4.172,119.003,acoustic
Covers Culture;Acoustic Covers Culture;Lounge Covers Culture Of Popular Songs,Lost Cause - Acoustic Covers Versions of Popular Songs,26,148812,0.664,0.274,-11.005,75.01,acoustic
Keisha White,The Weakness in Me,27,199093,0.717,0.436,-8.531,128.112,acoustic
Austin Plaine,Honey,28,191973,0.517,0.578,-7.37,138.178,acoustic
Drew Holcomb & The Neighbors,I Like to Be With Me When I'm With You,55,230773,0.595,0.384,-12.114,90.726,acoustic
Eddie Vedder,No More - Live,45,270466,0.337,0.605,-7.84,59.327,acoustic
Beans on Toast,On & On,26,279781,0.746,0.421,-7.944,97.152,acoustic
Johnnyswim,A Million Years,28,219853,0.71,0.782,-6.276,123.04,acoustic
Eddie Vedder,End Of The Road,48,199880,0.585,0.441,-9.271,114.091,acoustic
Not Half Bad,"It Really Sucked, Actually",27,89760,0.673,0.637,-7.546,105.043,acoustic
Frank Turner,The Work,27,212893,0.491,0.913,-4.526,89.987,acoustic
Chuck Ragan,Trenchfoot,26,236293,0.643,0.407,-6.086,132.449,acoustic
AJJ,Unicron,28,73066,0.495,0.531,-6.372,155.227,acoustic
Violent Femmes,Issues,28,185250,0.582,0.541,-5.499,154.871,acoustic
AJJ,Darkest Heart,28,122600,0.463,0.656,-3.078,176.907,acoustic
"Defiance, Ohio",Letter Home,29,91893,0.5,0.764,-7.834,126.899,acoustic
NORMANDY;Lynn Miller,Control,27,175336,0.709,0.156,-17.424,109.799,acoustic
Days N Daze,Fall Out,28,214099,0.434,0.832,-9.513,93.674,acoustic
Frank Turner,The Gathering,27,159019,0.424,0.942,-3.338,143.671,acoustic
Brandi Carlile,This Time Tomorrow,60,206267,0.606,0.326,-10.031,91.626,acoustic
Mischief Brew,Roll Me Through the Gates of Hell - Acoustic Version,28,233306,0.488,0.627,-5.867,118.434,acoustic
Gen Hoshino,SUN,48,241466,0.782,0.684,-5.774,108.171,acoustic
Parker Jenkins,Sweet but Psycho - Acoustic,43,188712,0.664,0.263,-7.988,96.214,acoustic
Sunset & Highland,I'm the One - Acoustic,54,233488,0.601,0.372,-6.148,146.086,acoustic
Gabrielle Aplin,Magic,49,245653,0.652,0.586,-8.281,144.031,acoustic
Kris Allen,Lost,45,198386,0.47,0.292,-9.899,66.109,acoustic
Shikao Suga,黄金の月,27,319533,0.673,0.658,-8.864,97.989,acoustic
Ben Rector,It Would Be You,52,219066,0.655,0.587,-8.736,91.494,acoustic
Guus Dielissen,As It Was - Acoustic Instrumental,41,139612,0.287,0.245,-20.674,84.056,acoustic
Jae Hall,Sweet Child O' Mine - Acoustic,51,178615,0.456,0.134,-11.248,127.976,acoustic
Kina Grannis,Beyond The Sea,48,119423,0.676,0.118,-11.443,103.948,acoustic
John Adams,Have I Told You Lately That I Love You - Acoustic,52,201885,0.58,0.188,-9.34,121.648,acoustic
Andrew Ripp,Pilots,39,219653,0.809,0.555,-5.689,104.085,acoustic
Naotaro Moriyama,さくら - 二〇一九,27,279386,0.422,0.248,-8.245,134.042,acoustic
Chord Overstreet,Homeland,41,222400,0.49,0.456,-9.767,154.805,acoustic
Tyler Ward,The Hardest Thing,43,200227,0.605,0.396,-7.586,132.08,acoustic
Postcards & Polaroids;Sad Boy,Supermarket Flowers,45,145753,0.463,0.156,-13.416,180.191,acoustic
Yu Takahashi,陽はまた昇る,27,245600,0.532,0.928,-1.963,113.927,acoustic
Unkle Bob,Swans,41,150346,0.387,0.41,-8.124,117.391,acoustic
The Cameron Collective,The Greatest Showman - Rewrite The Stars (Acoustic),33,214860,0.758,0.206,-14.68,124.873,acoustic
Boyce Avenue,Perfect,47,257390,0.631,0.29,-9.159,96.593,acoustic
John Adams,A Million Dreams - Acoustic,48,202928,0.545,0.169,-10.145,138.199,acoustic
Aimyon,3636,44,251720,0.579,0.612,-5.088,155.921,acoustic
Aimyon,君はロックを聴かない,64,246306,0.524,0.687,-4.039,99.919,acoustic
Boyce Avenue,Tears In Heaven,49,280652,0.747,0.0926,-11.531,77.94,acoustic
Joshua Radin,Paperweight by Joshua Radin and Schuyler Fisk,49,204333,0.422,0.119,-15.182,179.844,acoustic
JJ Heller,Meant to Be,45,186373,0.539,0.356,-9.749,73.703,acoustic
Kurei,Paasa,26,169315,0.737,0.238,-9.052,119.085,acoustic
Us The Duo,No Matter Where You Are - Wedding Version,47,251164,0.642,0.15,-11.316,104.978,acoustic
Hanare Gumi,大安,27,322140,0.731,0.485,-10.113,106.052,acoustic
Suy Galvez,Now We're Starting Over Again,26,260853,0.587,0.311,-8.987,113.683,acoustic
JJ Heller,In the Morning,48,306853,0.277,0.198,-11.923,149.937,acoustic
Little Walter,My Babe,59,162040,0.676,0.334,-10.572,158,acoustic
Matt Pless,What a Time to Be Alive,26,199866,0.673,0.424,-11.49,115.038,acoustic
Peter Bradley Adams,The Longer I Run,53,251453,0.602,0.52,-10.831,151.912,acoustic
Covers Culture;Acoustic Covers Culture;Lounge Covers Culture Of Popular Songs,You're Not Sorry - Acoustic Covers Versions of Popular Songs,26,149783,0.582,0.181,-11.294,133.431,acoustic
Jay Filson,"Don't Think Twice, It's All Right - Acoustic",26,210901,0.489,0.124,-10.145,91.386,acoustic
Suy Galvez,Is There Something,26,306092,0.696,0.379,-9.724,112.967,acoustic
Jason Mraz,Living in the Moment,48,235080,0.65,0.628,-7.16,84.141,acoustic
KT Tunstall,Other Side Of The World,61,214560,0.501,0.684,-5.368,80.039,acoustic
Days N Daze,Torches Are Calling,27,70506,0.389,0.494,-10.78,86.872,acoustic
Gail Blanco,Close to You,26,188040,0.721,0.446,-10.053,118.001,acoustic
Eddie Vedder,Far Behind,50,135320,0.467,0.855,-5.375,135.813,acoustic
Ankle Grease,Protest Songs,26,111641,0.37,0.703,-6.765,143.848,acoustic
AJJ,White Worms,27,163385,0.336,0.761,-6.312,127.065,acoustic
Frank Turner,Miranda,26,240866,0.524,0.578,-5.974,75.032,acoustic
Frank Turner,Linoleum,26,88626,0.548,0.666,-2.277,98.806,acoustic
Dave Barnes,God Gave Me You,49,228960,0.459,0.823,-6.481,152.062,acoustic
Days N Daze,Perfectly Dysfunctional,27,207151,0.316,0.879,-9.414,88.614,acoustic
Apes of the State,Internet Song,27,162293,0.741,0.66,-5.116,81.061,acoustic
Get Dead,Welcome to Hell,26,158906,0.474,0.843,-4.453,131.992,acoustic
Gen Hoshino,Pop Virus,47,182000,0.629,0.441,-4.614,78.177,acoustic
John Elliott,All Too Well - Jake's Version,33,578064,0.685,0.483,-9.082,93.032,acoustic
Brandon Chase;Taylor Manns,Dilemma,57,247683,0.627,0.246,-11.41,141.303,acoustic
Gabrielle Aplin,Miss You,44,197546,0.592,0.686,-6.904,101.015,acoustic
Zak Manley,Kiss Me,58,163913,0.663,0.178,-12.252,82.372,acoustic
Sara Farell,Teenage Dream,48,197195,0.53,0.0776,-15.478,179.911,acoustic
Tim Halperin,White,39,210226,0.537,0.674,-5.32,92.049,acoustic
Linn Brikell,All Falls Down,45,209669,0.699,0.189,-11.421,129.794,acoustic
Zack Tabudlo,This Is Love,49,206451,0.683,0.459,-8.848,93.083,acoustic
Sara Farell;Simon Samaeng,Still Falling For You - Acoustic,44,252567,0.375,0.298,-11.928,174.03,acoustic
The Mayries,I Will Wait,44,216841,0.421,0.107,-15.191,104.218,acoustic
Rosie Thomas;The Shins;Sufjan Stevens;Josh Ottum,Always Be My Baby,51,254306,0.516,0.311,-13.521,129.958,acoustic
Celestial Conscience,Jocelyn Flores - Acoustic Guitar,41,59823,0.709,0.119,-20.33,135.223,acoustic
Isabella Celander,Use Somebody - Acoustic Version,58,186660,0.57,0.271,-11.334,125.862,acoustic
Erato;Charlotte Almgren,As Long as You Love Me,54,151618,0.404,0.167,-12.463,202.996,acoustic
Rosi Golan,Can't Go Back,41,227413,0.559,0.241,-10.688,118.916,acoustic
Caj Morgan,The Nights - Acoustic,46,118878,0.768,0.331,-6.687,107.044,acoustic
Yosui Inoue;Tamio Okuda,月ひとしずく,26,253600,0.592,0.773,-7.093,121.097,acoustic
Brandi Carlile;Sam Smith,Party of One (feat. Sam Smith),56,259558,0.354,0.206,-11.799,139.056,acoustic
Masaharu Fukuyama,恋の魔力,27,278613,0.495,0.865,-3.21,156.924,acoustic
Us The Duo,Take Me Home,46,257706,0.356,0.193,-10.476,145.428,acoustic
Takehara Pistol,ドサ回り数え歌,26,177613,0.417,0.264,-10.353,86.328,acoustic
Kazuyoshi Saito,純風,27,177666,0.731,0.868,-6.217,111.154,acoustic
Boyce Avenue;Tyler Ward,Fix You,52,294736,0.421,0.441,-8.012,138.07,acoustic
Front Porch Step,Truth,26,258271,0.6,0.65,-5.127,139.975,acoustic
Andrew Ripp,Jericho,55,203070,0.501,0.716,-4.661,70.919,acoustic
Keisha White,The Weakness In Me,26,200720,0.717,0.554,-5.389,128.039,acoustic
Eddie Vedder,Invincible,51,286950,0.578,0.742,-5.494,107.028,acoustic
Brendan James,Yellow Lines,51,212373,0.636,0.735,-5.162,120.969,acoustic
Joseph Sullinger,What a Wonderful World,49,138748,0.516,0.144,-18.858,134.688,acoustic
Eddie Vedder,No More,47,217400,0.379,0.53,-7.229,62.06,acoustic
Howlin' Wolf,Spoonful,58,170000,0.821,0.376,-13.622,119.039,acoustic
Johnnyswim,Over,27,382474,0.371,0.51,-8.942,113.32,acoustic
AJJ,Body Terror Song,58,157600,0.507,0.399,-10.917,115.588,acoustic
RENT STRIKE,VI: Don't Let Love Bog You Down,26,221598,0.452,0.797,-5.229,114.18,acoustic
Johnnyswim,What Are You Doing New Years Eve,27,173546,0.456,0.285,-8.768,129.262,acoustic
Covers Culture,SOS - Acoustic Covers Versions,26,149610,0.351,0.109,-11.997,76.851,acoustic
Gabrielle Aplin,The Power of Love,27,245160,0.294,0.294,-9.848,75.217,acoustic
Days N Daze,Mosquitoes,27,163013,0.638,0.543,-9.678,140.864,acoustic
Calibretto 13,High 5,26,201866,0.382,0.9,-4.938,79.965,acoustic
Penny and Sparrow,Don't Wanna Be Without Ya,58,207762,0.651,0.86,-7.8,115,acoustic
Ramshackle Glory,Of Ballots and Barricades - Live,27,104200,0.582,0.437,-7.047,130.467,acoustic
Rail Yard Ghosts,Dirty Little Rag,27,219219,0.461,0.799,-6.565,167.255,acoustic
Laura Jane Grace,Day Old Coffee,26,73501,0.712,0.933,-2.773,152.02,acoustic
Pigeon Pit,Clawfoot,26,168240,0.44,0.947,-3.115,185.147,acoustic
Pigeon Pit,Peach,27,150439,0.563,0.452,-8.96,91.98,acoustic
Harley Poe,Alone in the Dark Mansion of Madness,26,403911,0.335,0.696,-9.472,95.24,acoustic
Buddy Guy;Derek Trucks,Skin Deep (feat. Derek Trucks),29,268906,0.572,0.567,-6.147,135.217,acoustic
Frank Turner,We Shall Not Overcome,26,232815,0.654,0.834,-4.436,139.377,acoustic
Grace Petrie,Northbound,26,270920,0.446,0.787,-7.334,125.642,acoustic
Sara Farell,Sombody else - Acoustic,42,170712,0.444,0.316,-7.751,201.64,acoustic
Jonah Baker,Stuck with U - Acoustic,51,188181,0.558,0.209,-8.934,174.887,acoustic
Matt Johnson,Havana - Acoustic,53,141142,0.807,0.403,-8.759,105.037,acoustic
Zack Tabudlo,Yakap,66,178947,0.738,0.39,-8.437,113.979,acoustic
Sara Farell,Sunflower,51,181897,0.568,0.213,-11.882,72.932,acoustic
Mother's Daughter;Beck Pete,Hollywood's Bleeding,40,217777,0.654,0.135,-10.535,100.027,acoustic
Salty Snacks,Without You,38,179236,0.551,0.161,-13.903,129.786,acoustic
Canyon City,Between the Stars,43,252013,0.484,0.292,-13.097,95.446,acoustic
The Civil Wars,To Whom It May Concern,44,211360,0.309,0.159,-13.101,87.493,acoustic
Sara Farell,Issues - Acoustic,47,189732,0.627,0.307,-6.994,104.669,acoustic
Tamio Okuda,花になる,27,209200,0.512,0.884,-4.09,124.003,acoustic
Richard Walters,Unconditional,52,260000,0.409,0.222,-11.358,63.419,acoustic
Guus Dielissen,Moth To A Flame - Acoustic Instrumental,43,181819,0.655,0.0883,-19,119.985,acoustic
Boyce Avenue,Bleeding Love,56,210186,0.737,0.295,-7.179,107.107,acoustic
Jon Bryant,Light,48,267306,0.512,0.359,-11.59,129.83,acoustic
Boyce Avenue;Alex Goot,A Thousand Miles,43,244173,0.564,0.731,-7.538,95.036,acoustic
Michael Logen,Darkness Within,33,252628,0.464,0.72,-7.466,160.057,acoustic
Ice Seguerra,Ikaw Lamang,25,282387,0.614,0.441,-9.375,117.991,acoustic
Ingrid Michaelson;A Great Big World,Over You,47,283266,0.292,0.281,-11.569,89.256,acoustic
Ingrid Michaelson,Stay Right Where You Are,39,281213,0.652,0.263,-9.836,119.957,acoustic
Carly Lyman;Jason Lux,(I Just) Died In Your Arms - Acoustic,47,211364,0.747,0.221,-10.528,118.029,acoustic
Jimmy Rogers,Walking By Myself,50,167266,0.621,0.519,-13.328,117.005,acoustic
Masaharu Fukuyama,KISSして,27,223333,0.324,0.873,-3.67,93.059,acoustic
Todd Carey,Nintendo,47,178659,0.723,0.93,-3.292,124.94,acoustic
Mone Kamishiraishi,Diamonds,26,300626,0.755,0.918,-3.558,111.017,acoustic
Ray LaMontagne,We'll Make It Through,51,361013,0.502,0.309,-12.12,119.236,acoustic
Steve Pulvers,Untainted Innocence,26,133500,0.586,0.115,-20.442,179.941,acoustic
Andrew Foy;Renee Foy;Stephan Baulig,Afterglow - Stephan Baulig Remix,37,213620,0.674,0.52,-10.106,116.029,acoustic
Chris Cresswell,To the Wind,25,187908,0.491,0.561,-7.225,151.943,acoustic
JJ Heller,What Love Really Means,45,236200,0.405,0.428,-9.506,145.515,acoustic
Hanare Gumi,PEOPLE GET READY,25,242001,0.667,0.0119,-16.177,133.277,acoustic
Rory Block,Lovin' Whiskey,26,246773,0.675,0.366,-13.493,72.662,acoustic
A Great Big World,Already Home,44,230186,0.602,0.404,-7.344,83.054,acoustic
Johnnyswim,Big Time,27,198136,0.439,0.532,-5.071,129.936,acoustic
Bobbylene,Canada,25,126951,0.608,0.15,-12.729,81.988,acoustic
Chris Cresswell,Meet Me in the Shade,24,180000,0.556,0.511,-5.425,81.613,acoustic
AJJ,I Am So Mad at You,27,104306,0.682,0.666,-4.823,93.992,acoustic
Joey Cape,Wind in Your Sails,25,226786,0.644,0.34,-6.759,129.997,acoustic
AJJ,Deathlessness,27,220832,0.554,0.655,-8.074,100.423,acoustic
Days N Daze,"Little Blue Pills, Pt..3",27,149214,0.565,0.611,-9.124,137.289,acoustic
Son&Dad;Filip Nordin,Drag Me Down,25,141176,0.879,0.411,-5.146,119.013,acoustic
Days N Daze,None Exempt,27,230691,0.425,0.752,-4.649,105.466,acoustic
Cannon's Jug Stompers,Going To Germany,28,154106,0.49,0.198,-13.405,106.71,acoustic
Frank Turner,Rivers,26,274133,0.279,0.498,-8.52,183.874,acoustic
Vendredi;ELLE,When I Was Your Man,25,209530,0.503,0.354,-7.493,72.295,acoustic
Chad Hates George,"Fry, Bacon, Fry (Die Pigs!)",26,203702,0.531,0.289,-13.246,124.157,acoustic
Violent Femmes,"Dance, Motherfucker, Dance!",27,197266,0.308,0.854,-8.006,193.395,acoustic
Marc Broussard;J.J. Grey,In the Midnight Hour (feat. J.J. Grey),26,159666,0.721,0.785,-4.473,111.993,acoustic
Vendredi;Chrissy Dave,Seven Nation Army - Acoustic Covers Versions of Popular Songs,25,142363,0.773,0.208,-9.482,109.822,acoustic
Get Dead,She's a Problem,25,152053,0.484,0.953,-3.557,97.429,acoustic
Adam Christopher,Mood - Acoustic,50,161000,0.751,0.29,-8.17,75.034,acoustic
Jason Mraz,Long Drive,43,230746,0.527,0.578,-8.65,148.134,acoustic
Kina Grannis,Issues,46,221568,0.485,0.126,-15.597,152.541,acoustic
Joe Brooks,Pink Sky Moon,34,224666,0.588,0.291,-11.464,101.158,acoustic
Chord Overstreet,Hold On,35,198853,0.609,0.443,-9.681,119.967,acoustic
Sara Farell,We Don't Talk Anymore,26,193762,0.289,0.432,-6.091,85.504,acoustic
J-Que Beenz,Beautiful Girls,45,238010,0.576,0.196,-13.639,118.075,acoustic
Tim Halperin,Something Beautiful,40,236100,0.524,0.768,-7.821,117.947,acoustic
Boyce Avenue,Right Here Waiting,51,248483,0.456,0.285,-7.999,177.561,acoustic
Roberto Diana;Muniesa,Cortes de Aragón,47,72167,0.426,0.0812,-21.651,85.204,acoustic
Bootstraps,Whenever You're Around,46,202348,0.531,0.5,-8.593,78.076,acoustic
Boyce Avenue,The One That Got Away,45,247704,0.655,0.502,-7.962,123.931,acoustic
Roses & Frey,With or Without You,55,166943,0.641,0.147,-14.812,111.913,acoustic
Kazuyoshi Saito,深夜高速,26,326706,0.474,0.727,-5.892,79.633,acoustic
Nathan Angelo,She's The Song - Acoustic,48,233306,0.617,0.319,-8.445,133.821,acoustic
Naotaro Moriyama,生きてることが辛いなら,26,273480,0.333,0.266,-6.42,129.249,acoustic
The Perishers,My Heart,45,206653,0.543,0.638,-6.875,102.719,acoustic
Masaharu Fukuyama,アクセス,27,263266,0.615,0.545,-12.572,110.335,acoustic
Graham Colton,Life's What You Make It,54,186109,0.655,0.686,-5.701,112.974,acoustic
Guus Dielissen,Memories (Instrumental Guitar),37,191506,0.491,0.185,-18.994,90.465,acoustic
Penny and Sparrow;Stephanie Briggs,Duet (feat. Stephanie Briggs),50,221786,0.213,0.185,-10.929,72.844,acoustic
Masaharu Fukuyama,追憶の雨の中 (Original Version),27,238866,0.345,0.919,-8.154,174.147,acoustic
Boyce Avenue;Jennel Garcia,Shallow,52,213900,0.649,0.336,-6.823,95.988,acoustic
Son&Dad;Filip Nordin,I Want It That Way - Acoustic Covers of Popular Songs,51,136470,0.392,0.253,-6.563,203.571,acoustic
Hanare Gumi,明日へゆけ,25,372600,0.542,0.0325,-18.346,131.935,acoustic
Yosui Inoue,青空、ひとりきり - Remastered 2018,26,260893,0.762,0.805,-4.696,116.141,acoustic
Sakura Fujiwara,Someday,26,235000,0.644,0.723,-4.954,105.969,acoustic
Correatown,All The World (I Tell Myself),38,273026,0.488,0.294,-14.717,76.647,acoustic
Rory Block,Cried Like A Baby,25,344514,0.704,0.488,-7.89,179.76,acoustic
Violent Femmes,Good Feeling,47,236840,0.369,0.319,-12.088,160.359,acoustic
Hanare Gumi,踊る人たち,25,305866,0.568,0.24,-13.851,94.933,acoustic
Aberola,Si Te Vas,26,216584,0.483,0.219,-13.27,149.581,acoustic
Front Porch Step,So Help Me God,25,257054,0.419,0.855,-4.782,154.098,acoustic
She/Her/hers,To-Do Lists (Color Coded),25,167999,0.566,0.835,-7.985,95.009,acoustic
Yosui Inoue,神無月にかこまれて - Remastered 2018,26,220213,0.633,0.647,-6.348,150.805,acoustic
Eric Lumiere,7 Years,25,244821,0.662,0.268,-7.394,111.594,acoustic
Gail Blanco,Make It Easy On Yourself,25,226320,0.391,0.322,-10.845,180.048,acoustic
Harley Poe,Hollow Man,26,191552,0.448,0.821,-6.405,104.687,acoustic
Corporate Hearts,Waves of Panic,26,153342,0.301,0.552,-7.19,166.406,acoustic
Frank Turner,Miranda,25,240866,0.524,0.578,-5.974,75.032,acoustic
Dan Andriano in the Emergency Room,"Of Peace, Quiet And Monsters",25,261000,0.479,0.285,-12.619,104.933,acoustic
Frank Turner,Little Life,25,215586,0.609,0.693,-6.395,119.992,acoustic
Violent Femmes,Black Girls,26,340266,0.608,0.61,-13.99,121.275,acoustic
Days N Daze,Kick Your Lawyer in the Face,26,140560,0.555,0.508,-12.851,122.037,acoustic
Days N Daze,Fast Track,26,144009,0.446,0.621,-5.065,113.896,acoustic
Harley Poe,Maria,26,196226,0.633,0.832,-6.84,130.912,acoustic
Taj Mahal,"Corinna - From ""The Natch'l Blues""",29,180920,0.621,0.294,-13.468,78.599,acoustic
Pigeon Pit,Tall Cans,26,186461,0.648,0.389,-8.275,86.36,acoustic
Chuck Ragan,You Get What You Give,26,217293,0.303,0.506,-6.89,161.463,acoustic
Frank Turner,Four Simple Words,25,297093,0.335,0.881,-6.48,96.9,acoustic
Limoblaze;Lecrae;Happi,Jireh (My Provider),64,168000,0.443,0.778,-7.564,128.25,afrobeat
Criolo,Ainda Há Tempo,44,318360,0.58,0.8,-7.528,81.303,afrobeat
Criolo,Fellini,42,171989,0.805,0.746,-5.211,127.922,afrobeat
Criolo,Lion Man,46,205440,0.582,0.66,-4.988,83.789,afrobeat
Criolo,Espiral de Ilusão,44,220800,0.776,0.314,-9.513,124.055,afrobeat
Criolo,Yemanjá Chegou,43,258359,0.711,0.515,-8.238,90.91,afrobeat
Criolo;Rael,Tô Pra Ver,41,254520,0.637,0.818,-6.851,90.571,afrobeat
BaianaSystem,Terapia,39,261400,0.79,0.814,-6.358,124.03,afrobeat
Plastilina Mosh,Aló,40,244933,0.797,0.609,-10.537,142.035,afrobeat
Criolo,Vasilhame,43,172440,0.506,0.876,-5.877,124.218,afrobeat
Criolo,Sucrilhos,46,240226,0.788,0.574,-9.068,160.027,afrobeat
Criolo,Chuva Ácida,39,180000,0.708,0.782,-6.419,94.038,afrobeat
Criolo,Breaco,40,177240,0.619,0.781,-6.548,182.026,afrobeat
BaianaSystem;BNegão,Reza Forte,38,232826,0.844,0.915,-4.06,145.997,afrobeat
Criolo,É o Teste,41,279720,0.66,0.728,-6.177,91.101,afrobeat
Criolo;MC Hariel;Liniker;Maria Vilani;Jaques Morelenbaum,Pequenina,42,273973,0.606,0.6,-7.785,159.971,afrobeat
Jorge Drexler;Sebastián Prada,Milonga de Ojos Dorados (Alfredo Zitarrosa) - Live on Pardelion Music,38,161342,0.67,0.273,-10.77,128.87,afrobeat
Criolo,Até Me Emocionei,38,175800,0.772,0.789,-7.159,84.96,afrobeat
Criolo;Emicida;Mano Brown,Vida Loka I - Live,44,271840,0.434,0.877,-5.945,82.109,afrobeat
Criolo,Demorô,37,138480,0.755,0.709,-5.066,140.989,afrobeat
BaianaSystem;Liz Reis,Guerra Batalha,36,146000,0.437,0.357,-7.6,120.088,afrobeat
BaianaSystem,Duas Cidades,44,226040,0.789,0.899,-6.363,97.999,afrobeat
Criolo,Mariô,41,217400,0.763,0.577,-7.085,90.015,afrobeat
Criolo;Emicida;Evandro Fióti,Só Mais Uma Noite - Live,37,188666,0.518,0.918,-5.548,98.777,afrobeat
Criolo,Pretos Ganhando Dinheiro Incomoda Demais,48,198920,0.637,0.715,-7.032,109.859,afrobeat
Criolo,Samba Sambei,37,222560,0.87,0.737,-8.372,136.07,afrobeat
Juanafé,La Makinita,42,226648,0.633,0.805,-5.523,143.028,afrobeat
Criolo;Milton Nascimento,Me Corte na Boca do Céu a Morte Não Pede Perdão,44,257146,0.428,0.3,-10.214,81.403,afrobeat
Criolo,Menino Mimado,44,227640,0.83,0.604,-5.25,144.008,afrobeat
Criolo,Aprendendo a Sobreviver,41,212826,0.817,0.619,-6.922,103.041,afrobeat
Juanafé,Tengo Luquita,45,223600,0.526,0.711,-4.373,176.27,afrobeat
Criolo,Primavera (Vai Chuva),41,244533,0.573,0.859,-4.346,147.906,afrobeat
Criolo;Emicida,A Cada Vento - Live,41,243373,0.651,0.861,-6.625,98.474,afrobeat
Samuca e a Selva,Detergente,36,327836,0.721,0.741,-6.597,131.001,afrobeat
Criolo,Nas Águas,41,235560,0.753,0.653,-5.511,115.802,afrobeat
Criolo,Plano de Voo,41,218880,0.571,0.69,-8.18,155.991,afrobeat
Juanafé,Chiquitita,46,284875,0.715,0.556,-6.102,87.973,afrobeat
Criolo,Freguês da Meia Noite,39,249600,0.634,0.393,-9.583,87.996,afrobeat
Criolo,Hora da Decisão,37,248520,0.731,0.575,-6.252,143.986,afrobeat
BaianaSystem,"Jah Jah Revolta, Pt. 2",39,309493,0.776,0.8,-4.704,143.989,afrobeat
BaianaSystem,Dia da Caça,38,269986,0.486,0.867,-5.237,109.003,afrobeat
Criolo,Fio de Pumo (Padê Onã),42,249960,0.77,0.819,-6.487,92.996,afrobeat
Criolo,Pegue Pra Ela,37,265200,0.611,0.738,-7.341,119.791,afrobeat
Criolo,Filha do Maneco,37,105360,0.674,0.518,-6.658,133.935,afrobeat
Criolo,Cria de Favela,36,171480,0.692,0.749,-4.948,111.986,afrobeat
Criolo,Boca Fofa,36,140280,0.717,0.784,-5.138,168.146,afrobeat
Criolo,Calçada,37,206760,0.817,0.771,-5.132,111.099,afrobeat
Criolo;Emicida,Zica Vai Lá - Live,35,238346,0.374,0.934,-5.322,167.661,afrobeat
Criolo;Emicida,Subirusdoistiozin - Live,37,211280,0.569,0.907,-5.619,94.346,afrobeat
Jackie Mittoo,Darker Shade of Black,40,194293,0.689,0.564,-7.276,87.474,afrobeat
Pompi,Meghar Jolonga,25,205597,0.353,0.548,-5.391,200.152,afrobeat
Menahan Street Band,Queens Highway,64,67720,0.778,0.399,-8.984,137.305,afrobeat
Criolo,Etérea,32,253097,0.824,0.72,-8.189,116.982,afrobeat
BaianaSystem,Cabeça de Papel,37,149720,0.724,0.833,-6.962,144.999,afrobeat
BaianaSystem,Invisível,36,195040,0.725,0.618,-9.842,112.681,afrobeat
Los Pirañas,"Lambada de Oceanía, África y América",33,246613,0.522,0.672,-9.058,155.833,afrobeat
BaianaSystem;Orquestra Afrosinfônica,Fogo (Versão Estendida),36,250354,0.455,0.738,-6.826,125.351,afrobeat
BaianaSystem;Makavelli;Jaymitta,Nauliza,35,220670,0.618,0.945,-4.49,169.967,afrobeat
Jorge Drexler,Mediterráneo,33,206999,0.585,0.588,-8.147,100.808,afrobeat
Criolo,Me Dê Motivo,33,267853,0.864,0.623,-5.966,132.008,afrobeat
BaianaSystem;Buguinha Dub;Curumin;Edgar,Sonar (Adubado),34,174538,0.694,0.82,-7.885,99.922,afrobeat
BaianaSystem,Forasteiro,35,210373,0.685,0.732,-8.589,127.999,afrobeat
Plastilina Mosh,Oxidados,35,148000,0.483,0.994,-6.676,182.051,afrobeat
Samuca e a Selva,À Beça,33,321351,0.721,0.654,-7.877,102.978,afrobeat
Los Amigos Invisibles,Sueño Erótico,35,242373,0.683,0.823,-6.475,120.03,afrobeat
Jorge Drexler;Gal Costa,"Negro Amor (It's All Over Now, Baby Clue)",35,246568,0.614,0.209,-11.445,119.948,afrobeat
Criolo,Povo Guerreiro,34,219071,0.793,0.658,-6.332,114.039,afrobeat
BaianaSystem,Navio,35,339413,0.591,0.873,-6.877,162.121,afrobeat
Criolo,No Sapatinho,35,303120,0.702,0.689,-6.112,84.063,afrobeat
Metá Metá,São Jorge,33,214177,0.64,0.732,-7.078,112.956,afrobeat
BaianaSystem;Cássia Eller,O Segundo Sol,37,148905,0.383,0.711,-8.113,137.036,afrobeat
Los Amigos Invisibles,Amar Es Algo Más,36,426306,0.692,0.746,-6.359,107.981,afrobeat
BaianaSystem;Samba de Lata de Tijuaçú,Redoma,34,156733,0.779,0.918,-6.912,100.041,afrobeat
Criolo;Emicida,Viva (Melô Dos Vileiros) - Live,32,213960,0.653,0.868,-6.12,82.15,afrobeat
Criolo,Samba Sambei (Dub Mix),32,220653,0.795,0.664,-10.679,136.029,afrobeat
BaianaSystem;VANDAL,CertoPeloCertoh,34,165160,0.726,0.72,-6.841,149.995,afrobeat
Mandrill,Fat City Strut,34,199360,0.422,0.862,-6.534,80.526,afrobeat
Samuca e a Selva;Luedji Luna,"Fé Cega, Faca Amolada",32,261552,0.795,0.573,-9.838,135.123,afrobeat
Juanafé,La Bala,34,213680,0.6,0.826,-5.654,98.046,afrobeat
Criolo,Chocolate,34,181013,0.759,0.79,-4.355,135.953,afrobeat
Criolo,Mariô - Live,33,267480,0.572,0.874,-7.523,94.006,afrobeat
Criolo;Emicida,Demorô - Live,33,213773,0.549,0.901,-6.208,152.298,afrobeat
BaianaSystem;As Ganhadeiras de Itapuã,Panela,33,173413,0.666,0.761,-5.472,143.035,afrobeat
BaianaSystem;BNegão,Reza Forte,35,232293,0.838,0.914,-4.026,146,afrobeat
Plastilina Mosh,Human Disco Ball,35,214960,0.797,0.99,-8.001,125.023,afrobeat
BaianaSystem,Bala na Agulha,36,247000,0.688,0.864,-4.957,180.052,afrobeat
Juanafé,La Jardinera,33,222408,0.696,0.724,-4.86,99.929,afrobeat
Hugh Masekela,Makoti,0,274933,0.469,0.824,-10.785,220.081,afrobeat
Hugh Masekela,Nontsokolo,0,356333,0.801,0.736,-8.897,105.009,afrobeat
Manu Dibango,Soul Makossa,0,265586,0.817,0.794,-8.324,116.423,afrobeat
Criolo;Emicida,Triunfo - Live,34,273426,0.54,0.945,-5.021,92.013,afrobeat
Criolo;Emicida,Grajauex - Live,33,191453,0.358,0.905,-5.776,176.67,afrobeat
Hugh Masekela,District Six - Live,0,527506,0.778,0.711,-11.367,108.127,afrobeat
Criolo;Emicida,Não Existe Amor Em SP - Live,35,392480,0.285,0.734,-6.956,140.224,afrobeat
Hugh Masekela,Women Of The Sun,0,334520,0.806,0.478,-11.387,89.938,afrobeat
Criolo;Emicida,Bogotá - Live,33,369773,0.532,0.908,-6.124,126.229,afrobeat
Jackie Mittoo,Black Organ,34,191506,0.837,0.598,-9.047,145.219,afrobeat
Manu Dibango,Dikalo - Remix 97,0,247626,0.784,0.869,-6.595,99.175,afrobeat
Hugh Masekela,District Six - Live,0,527506,0.778,0.711,-11.367,108.127,afrobeat
Ernest Ranglin,Stop That Train,3,336933,0.766,0.375,-13.456,81.626,afrobeat
Calle 13,Atrévete-Te-Te,75,239306,0.829,0.878,-5.951,87.991,afrobeat
El Michels Affair,Shimmy Shimmy Ya,49,145880,0.605,0.666,-5.77,100.138,afrobeat
Ali Farka Touré;Toumani Diabaté,Ruby,19,355840,0.361,0.31,-12.102,177.659,afrobeat
Criolo,4 da Manhã – Deluxe Edition,30,213480,0.6,0.476,-8.558,142.033,afrobeat
BaianaSystem;Orquestra Afrosinfônica;Antonio Carlos & Jocafi,Água (Versão Estendida),34,306750,0.74,0.8,-6.65,96.998,afrobeat
Jorge Drexler,Organdí,31,400362,0.531,0.249,-10.041,104.039,afrobeat
Los Amigos Invisibles;Ferraz,Sólo los dos (feat. Ferraz),34,210870,0.806,0.573,-9.905,104.994,afrobeat
Afrocidade,Tô pra Onda,29,235567,0.71,0.846,-3.981,118.025,afrobeat
Los Amigos Invisibles,Eres Mis Ganas,35,315600,0.562,0.876,-4.999,124.003,afrobeat
Calle 13,Bienvenidos A Mi Mundo,33,237026,0.658,0.715,-7.416,189.895,afrobeat
OQuadro;Dimak,Tá Amarrado,30,232826,0.881,0.834,-5.625,94.967,afrobeat
Nomade Orquestra;Russo Passapusso,Agente Russo,30,311453,0.724,0.902,-6.758,122.023,afrobeat
BaianaSystem;Nação Zumbi,Alfazema,32,199095,0.677,0.929,-6.017,129.996,afrobeat
Jorge Drexler,Crece,31,190600,0.649,0.51,-11.928,174.931,afrobeat
Romperayo,Alegria por un Zumo de Naranja Con Panela,30,213992,0.6,0.65,-16.989,131.078,afrobeat
Criolo,Cóccix-ência,31,289947,0.564,0.903,-6.173,164.047,afrobeat
Los Amigos Invisibles,Dulce,33,303213,0.758,0.819,-5.945,117.971,afrobeat
William Onyeabor,Ride On Baby - 1977 Version,31,390280,0.519,0.804,-4.716,104.883,afrobeat
Jorge Drexler,La nieve en la bola de nieve,30,295866,0.457,0.231,-17.316,133.083,afrobeat
BaianaSystem,Raminho,31,78880,0.588,0.711,-8.105,145.818,afrobeat
BaianaSystem,"Oxe, Como Era Doce",31,247226,0.69,0.695,-10.241,106.032,afrobeat
Jorge Drexler,Uno,30,169066,0.715,0.686,-9.727,130.945,afrobeat
Plastilina Mosh,Ode To Mauricio Garces,33,254080,0.463,0.718,-11.202,174.112,afrobeat
Jorge Drexler,Aquiles por su talón es Aquiles,31,214253,0.523,0.282,-11.418,132.44,afrobeat
Samuca e a Selva,Madurar,30,241322,0.716,0.713,-6.294,119.957,afrobeat
Plastilina Mosh,Te Lo Juro Por Madonna (Si Omba Ta Gueno),32,179840,0.539,0.968,-5.323,98.113,afrobeat
BaianaSystem;Carolaine,A Vida É Curta Pra Viver Depois,31,217866,0.682,0.703,-6.92,91.973,afrobeat
Plastilina Mosh,Bungaloo Punta Cometa,35,239920,0.744,0.771,-9.034,149.822,afrobeat
BaianaSystem,Dança de Airumã,31,227573,0.683,0.862,-4.55,108.001,afrobeat
BaianaSystem,"Barravenida, Pt. 2",31,392638,0.532,0.844,-6.393,137.954,afrobeat
Bixiga 70,Desengano da Vista,31,406573,0.535,0.644,-8.617,149.872,afrobeat
Samuca e a Selva,Flores Raras,31,267997,0.713,0.605,-8.45,100.014,afrobeat
BaianaSystem,Mercado,30,75026,0.596,0.394,-12.497,97.048,afrobeat
Metá Metá,Obá Iná,33,303882,0.605,0.708,-5.546,113.755,afrobeat
Jorge Drexler,Río abajo,30,186773,0.718,0.46,-11.107,95.564,afrobeat
Plastilina Mosh,Niño Bomba,35,223666,0.73,0.775,-8.161,107.153,afrobeat
Hugh Masekela,Makoti,0,274933,0.469,0.824,-10.785,220.081,afrobeat
Hugh Masekela,District Six - Live,0,527506,0.778,0.711,-11.367,108.127,afrobeat
BaianaSystem,Calamatraca,33,181706,0.657,0.72,-6.375,142.006,afrobeat
Orquestra Brasileira de Música Jamaicana,O Guarani,32,221506,0.683,0.783,-7.155,141.94,afrobeat
Tony Allen,Ikeja Roads,30,160948,0.777,0.598,-13.803,100.007,afrobeat
Jorge Drexler,La infidelidad de la era informática,30,183159,0.801,0.423,-4.918,139.987,afrobeat
Hugh Masekela;Gugu Shezi,Bambezela,0,261640,0.767,0.815,-9.309,111.992,afrobeat
BaianaSystem,Chapéu Panamá,31,183706,0.824,0.932,-4.664,105.01,afrobeat
Hugh Masekela,Makoti,0,274933,0.469,0.824,-10.785,220.081,afrobeat
Criolo;Emicida,Lion Man - Live,30,247680,0.438,0.702,-6.294,84.176,afrobeat
Hugh Masekela,District Six - Live,0,527506,0.778,0.711,-11.367,108.127,afrobeat
Los Amigos Invisibles,Sex Appeal,32,169786,0.758,0.728,-5.127,120.961,afrobeat
Los Amigos Invisibles,Corazón Tatú,33,260693,0.687,0.876,-6.438,126.015,afrobeat
Hugh Masekela,District Six - Live,0,527506,0.778,0.711,-11.367,108.127,afrobeat
CalledOut Music,Thank You Lord,45,133053,0.714,0.44,-10.676,91.997,afrobeat
Ali Farka Touré,Ai Du (with Ry Cooder),16,429973,0.57,0.225,-17.168,151.78,afrobeat
Bang Data,Bang Data,42,180973,0.605,0.835,-6.477,171.958,afrobeat
QUITAPENAS,La Educación,27,243560,0.497,0.916,-3.984,136.705,afrobeat
Morbo y Mambo,gorila,27,162146,0.742,0.617,-10.134,101.999,afrobeat
Plastilina Mosh,Shampoo,28,139133,0.716,0.509,-6.926,170.117,afrobeat
Los Amigos Invisibles,Canción Ecológica,30,261885,0.76,0.649,-9.064,105.009,afrobeat
Los Amigos Invisibles,Disco Ball,31,247646,0.754,0.818,-7.047,105,afrobeat
Letta Mbulu,There's Music In The Air,27,417600,0.607,0.34,-15.83,143.074,afrobeat
Tony Allen;Damon Albarn,Go Back,29,337493,0.501,0.911,-6.49,82.34,afrobeat
Los Amigos Invisibles,Contigo,30,252600,0.642,0.933,-5.562,131.982,afrobeat
Subhira,Cumbia Elemental,27,250200,0.555,0.623,-7.464,90.922,afrobeat
La Misa Negra,Acosadora - Radio Edit,28,232826,0.634,0.892,-4.395,99.998,afrobeat
Plastilina Mosh,JAJAJA,32,191472,0.714,0.889,-4.857,122.757,afrobeat
Plastilina Mosh,Enzo,31,235200,0.735,0.864,-4.801,90.037,afrobeat
Juanafé;Demian Rodríguez,Fuiste un Trozo de Hielo en la Escarcha,28,247750,0.714,0.532,-9.327,129.972,afrobeat
Jorge Drexler,Sea - Cara B,29,252573,0.466,0.342,-15.497,120.066,afrobeat
Newen Afrobeat,Chaltumay,28,356800,0.789,0.869,-6.758,124.947,afrobeat
Newen Afrobeat,Caminante,27,397573,0.604,0.904,-5.338,92.962,afrobeat
Juanafé,Como Ayer,29,217217,0.732,0.613,-8.872,102.481,afrobeat
BaianaSystem,Barravenida,27,297360,0.646,0.651,-10.789,133.985,afrobeat
BaianaSystem,Corneteiro Luís,29,219746,0.762,0.858,-4.589,126.005,afrobeat
Jorge Drexler,De amor y de casualidad,28,191466,0.741,0.564,-9.052,117.859,afrobeat
Mandrill,Mango Meat,28,286613,0.596,0.686,-7.915,103.949,afrobeat
Criolo,Língua Felina – Deluxe Edition,26,180480,0.77,0.797,-4.778,96.879,afrobeat
Los Amigos Invisibles;C-Funk;Mcklopedia,Como te Gusta (feat. C-Funk & McKlopedia),30,167717,0.84,0.632,-7.338,93.985,afrobeat
Los Amigos Invisibles,Si Tú Te Vas,30,278093,0.783,0.491,-9.672,134.955,afrobeat
Jorge Drexler,Nada menos,30,220413,0.695,0.514,-9.933,132.065,afrobeat
El Hijo De La Cumbia,La Mara Tomaza,26,230635,0.598,0.929,-4.382,92.603,afrobeat
BaianaSystem,Tubarão,28,142333,0.738,0.925,-4.205,131.065,afrobeat
BaianaSystem;Bule Bule;Rapadura,Oxe,30,198213,0.765,0.912,-3.823,107.999,afrobeat
Jorge Drexler,Tamborero,29,264293,0.833,0.579,-9.205,94.008,afrobeat
Los Amigos Invisibles,Espérame (Extended Mix),31,337882,0.75,0.775,-7.086,119.982,afrobeat
BaianaSystem,Amerikha Expressa,28,179306,0.39,0.661,-9.916,123.257,afrobeat
BaianaSystem,Jah Jah Revolta,30,321666,0.551,0.806,-8.328,143.876,afrobeat
The Budos Band,King Cobra,28,220306,0.667,0.548,-4.813,104.668,afrobeat
BaianaSystem;Roberto Mendes,Nesse Mundo,30,222613,0.747,0.521,-9.483,120.035,afrobeat
BaianaSystem;Claudia Manzo,Pachamama,29,158066,0.75,0.855,-4.441,150.03,afrobeat
Samuca e a Selva;Criolo,Cais,27,194777,0.714,0.431,-9.564,125.94,afrobeat
The New Mastersounds;Spellbinder,Fancy (feat. Spellbinder),30,358053,0.537,0.744,-7.267,153.109,afrobeat
Bixiga 70,Tema Di Malaika,27,247693,0.689,0.886,-8.548,107.983,afrobeat
BaianaSystem,O Carnaval Quem É Que Faz?,29,263146,0.603,0.849,-8.917,143.027,afrobeat
BaianaSystem,Rádio África,28,198720,0.736,0.948,-5.486,130.013,afrobeat
Jorge Drexler,Princesa bacana,28,190000,0.718,0.428,-13.17,139.956,afrobeat
Jackie Mittoo,Wall Street,29,434600,0.827,0.359,-12.863,135.421,afrobeat
Plastilina Mosh,Human Disco Ball,28,214266,0.806,0.99,-7.994,125.026,afrobeat
Los Amigos Invisibles,Cachete a Cachete,30,287533,0.781,0.755,-7.015,118.168,afrobeat
Criolo,Coroné Antonio Bento,28,202040,0.51,0.933,-4.89,176.083,afrobeat
BaianaSystem,Corneteiro Luís,30,219826,0.764,0.857,-4.618,126.009,afrobeat
Jorge Drexler,Aquellos tiempos,29,200026,0.552,0.499,-12.078,131.952,afrobeat
El Michels Affair,C.R.E.A.M.,55,174826,0.571,0.508,-8.118,96.825,afrobeat
Limoblaze;Moses Bliss,Grateful,45,224634,0.729,0.866,-5.656,131.913,afrobeat
CalledOut Music,Shout to the Lord,38,158000,0.599,0.499,-14.386,159.915,afrobeat
Limoblaze;Emandiong,Desire,49,204521,0.699,0.858,-6.603,115.113,afrobeat
Mulatu Astatke,Tezeta (Nostalgia),52,376640,0.547,0.356,-10.199,81.032,afrobeat
TJ Cream,The Vibe,26,163500,0.827,0.604,-8.976,140.923,afrobeat
Caê,O Caçador e a Flecha,25,211850,0.795,0.598,-7.021,108.992,afrobeat
Afrocidade,LadoB,25,180000,0.655,0.774,-5.295,192.004,afrobeat
Jor'dan Armstrong,YOU,27,188133,0.701,0.718,-5.677,93.028,afrobeat
BaianaSystem,BembaDub,26,168560,0.353,0.721,-6.3,170.026,afrobeat
Criolo,Dilúvio de Solidão,24,158040,0.73,0.646,-6.751,98.012,afrobeat
Sarah Téibo;Sigag Lauren;Paola Carla,Belongs to You - EDM Remix,26,187500,0.746,0.828,-6.568,104.974,afrobeat
Timoneki;Silvana Estrada,Mi Gente,25,237613,0.498,0.695,-6.89,175.815,afrobeat
Jorge Drexler,No pienses de más,27,190000,0.706,0.608,-8.304,120.407,afrobeat
Jorge Drexler,Codo Con Codo,27,105438,0.667,0.218,-10.563,113.842,afrobeat
Becca Folkes;Happi,12 Rounds (feat. Happi),25,166373,0.725,0.611,-7.218,101.012,afrobeat
La Misa Negra,Dueña de Mi,25,183213,0.587,0.686,-5.113,183.938,afrobeat
Jor'dan Armstrong,GRACE,27,255761,0.681,0.579,-6.141,120.037,afrobeat
Thiago França,Cumbia Cumbia,25,207307,0.893,0.728,-7.742,94.067,afrobeat
Money Chicha,Quieren Efectos,24,167217,0.553,0.773,-6.446,96.617,afrobeat
Criolo,Lá Vem Você,26,220320,0.784,0.597,-6.307,81.984,afrobeat
Breakestra,Show & Prove,26,177453,0.668,0.874,-2.771,107.346,afrobeat
Metá Metá,Tristeza Não,27,134008,0.719,0.202,-9.86,75.073,afrobeat
Criolo,Nas Águas,24,235560,0.756,0.652,-5.466,115.83,afrobeat
Criolo,Menino Mimado,25,227640,0.827,0.603,-5.248,144.001,afrobeat
Africania,Oxalá Babá,26,193893,0.893,0.671,-8.777,99.998,afrobeat
Samuca e a Selva,Vem,24,73293,0.596,0.358,-13.075,81.112,afrobeat
Jorge Drexler,Gracias - Cara B,26,228413,0.707,0.283,-16.795,79.771,afrobeat
Jorge Drexler,Durante,27,197506,0.608,0.706,-10.1,177.914,afrobeat
Los Amigos Invisibles,Dame el Mambo,28,268580,0.738,0.868,-5.411,119.988,afrobeat
Juanafé,Venga Mi Vida,26,311453,0.698,0.542,-5.923,88.058,afrobeat
Afrocidade,Eu Vou no Gueto,26,234626,0.762,0.902,-4.341,133.984,afrobeat
Los Amigos Invisibles;Superthriller,Give us your money (feat. Superthriller),27,258104,0.776,0.793,-7.276,112.003,afrobeat
Los Amigos Invisibles,No Es Fácil Amar,29,249520,0.732,0.825,-7.509,117.893,afrobeat
Abayomy Afrobeat Orquestra,Abra Sua Cabeça,25,387165,0.695,0.895,-8.202,120.069,afrobeat
Jorge Drexler,Corazón de cristal,27,253293,0.686,0.212,-16.961,134.12,afrobeat
Calle 13,Intro Crónica De Un Nacimiento,27,95733,0.443,0.453,-9.763,93.877,afrobeat
Los Amigos Invisibles,Viajero Frecuente del Amor,28,252106,0.609,0.92,-4.989,133.924,afrobeat
Newen Afrobeat,Open Your Eyes,25,479053,0.802,0.702,-7.722,113.073,afrobeat
The Budos Band,Magus Mountain,27,319026,0.486,0.803,-6.157,105.904,afrobeat
BaianaSystem;Bule Bule,Vixe,26,66706,0.474,0.625,-6.241,108.396,afrobeat
BaianaSystem;Tonho Matéria,Catraca,28,126120,0.742,0.939,-4.784,154.955,afrobeat
BaianaSystem;Claudia Manzo,Capucha,28,174680,0.736,0.938,-4.176,104.981,afrobeat
Plastilina Mosh,I´ve Got That Milton Pacheco Kinda Feeling - Melancolic Mix,28,262480,0.555,0.665,-10.47,178.064,afrobeat
Plastilina Mosh,Monster Truck,28,258160,0.583,0.932,-7.734,96.899,afrobeat
BaianaSystem;Céu,O Que Não Me Destrói Me Fortalece,27,232773,0.737,0.571,-6.756,119.054,afrobeat
Jorge Drexler,Camino a La Paloma,25,175866,0.778,0.243,-15.168,166.027,afrobeat
Jorge Drexler,Madre Tierra,26,210266,0.594,0.305,-12.028,166.7,afrobeat
Jackie Mittoo,Killer Diller,27,167493,0.591,0.748,-7.136,127.636,afrobeat
Los Amigos Invisibles,Invisible Love,29,274346,0.731,0.747,-6.612,125.98,afrobeat
Prinx Emmanuel;Grace Lokwa,Kumama Papa - Tiktok refix version,44,124840,0.631,0.502,-10.195,156.183,afrobeat
Cymande,Dove,48,655440,0.439,0.475,-12.559,111.717,afrobeat
Menahan Street Band,The Traitor,55,162266,0.628,0.585,-8.036,100.95,afrobeat
Monophonics;Kelly Finnigan,Last One Standing,53,436840,0.588,0.576,-6.945,129.155,afrobeat
Jorge Drexler,Tu piel,24,203000,0.868,0.367,-13.304,130.038,afrobeat
Amplexos;Digitaldubs;Leão Etíope do Méier;Lenine,Segura,23,238293,0.538,0.533,-12.113,74.973,afrobeat
Criolo,Espiral de Ilusão,24,220800,0.772,0.33,-9.51,124.041,afrobeat
Jor'dan Armstrong,Tomorrow,24,237584,0.547,0.627,-7.311,174.967,afrobeat
Breakestra;Choklate,Take My Time,25,300973,0.641,0.884,-5.472,104.962,afrobeat
Jor'dan Armstrong,SHE,25,224000,0.704,0.692,-6.2,92.527,afrobeat
Jorge Drexler,Vaivén,25,175026,0.561,0.346,-17.938,112.232,afrobeat
QUITAPENAS,Papaya,22,201116,0.568,0.901,-5.337,78.567,afrobeat
Morbo y Mambo,Rogers Nelson,25,322700,0.683,0.536,-8.362,83.986,afrobeat
Los Amigos Invisibles,Cool Love 3,25,37702,0.549,0.489,-13.621,77.593,afrobeat
Calle 13,Esto Con Eso,25,250080,0.659,0.74,-6.524,190.001,afrobeat
The Bongo Hop;Dafuniks,The Red Hill,24,166866,0.776,0.788,-7.785,99.91,afrobeat
La Cumbia Chicharra;Emilie Rambaud,Mapalé,23,261240,0.595,0.633,-9.633,146.919,afrobeat
Fela Kuti,Water No Get Enemy,48,591693,0.641,0.926,-7.718,90.934,afrobeat
Cymande,Brothers On The Slide,56,251400,0.815,0.602,-10.192,109.704,afrobeat
Jor'dan Armstrong,Clout,25,217674,0.699,0.62,-4.885,158.04,afrobeat
Los Amigos Invisibles,Llegaste Tarde,26,416040,0.49,0.82,-7.138,102.572,afrobeat
Calle 13,Tal Para Cual,27,227826,0.726,0.871,-4.826,175.999,afrobeat
Orgone,Duck and Cover,25,169800,0.786,0.729,-8.323,100.995,afrobeat
Jorge Drexler,Una canción me trajo hasta aquí,26,198773,0.669,0.843,-5.726,131.461,afrobeat
La Misa Negra,Cumbia Milagrosa,23,203646,0.525,0.424,-9.356,203.01,afrobeat
Afrocidade,Direto de Camaçacity,25,173071,0.821,0.779,-4.283,105.003,afrobeat
Samuca e a Selva,Feitiço,24,262731,0.868,0.793,-3.828,121.977,afrobeat
Grupo Fantasma,Arroz Con Frijoles,24,241520,0.382,0.931,-7.296,105.214,afrobeat
Jorge Drexler,Disneylandia - Cara B,25,285880,0.575,0.295,-19.252,79.991,afrobeat
Calle 13,Los De Atrás Vienen Conmigo,26,216093,0.641,0.66,-5.595,169.881,afrobeat
Juanafé,El Volcán,25,174102,0.715,0.897,-4.822,96.891,afrobeat
The Bongo Hop;Maikcel,Pa' Congo,24,221406,0.723,0.951,-5.076,110.076,afrobeat
The Budos Band,Black Hills,24,268333,0.44,0.728,-5.895,136.243,afrobeat
Samuca e a Selva,Feitiço,24,262425,0.869,0.797,-4.455,121.996,afrobeat
Juanafé;La Flor del Recuerdo,Mi Último Fracaso,23,265086,0.457,0.332,-10.365,164.096,afrobeat
William Onyeabor,Beautiful Baby,24,505973,0.852,0.442,-9.292,107.426,afrobeat
Juanafé;Carmen Lienqueo,Canto para Siempre,24,319077,0.43,0.829,-9.146,141.277,afrobeat
Los Amigos Invisibles,Es la Verdad,26,305693,0.623,0.952,-7.348,108.004,afrobeat
Lack Of Afro;Wax;Herbal T,International,25,272466,0.659,0.736,-8.119,96.971,afrobeat
Mandrill,Can You Get It,23,428853,0.854,0.928,-7.29,122.487,afrobeat
Metá Metá,Orunmilá,25,243617,0.623,0.66,-5.582,106.887,afrobeat
Samuca e a Selva;Illy,Lambe-Lambe,23,205511,0.646,0.701,-6.938,172.055,afrobeat
Juanafé,Afrorumbachilenera,25,279376,0.588,0.745,-5.754,95.071,afrobeat
The New Mastersounds;Eddie Roberts;Lamar Williams Jr.,Meet You In The Sunshine,26,364053,0.579,0.833,-9.369,95.838,afrobeat
BaianaSystem;Makavelli;Jay Mitta,Nauliza,26,220613,0.618,0.942,-4.511,170.005,afrobeat
Orquestra Brasileira de Música Jamaicana,País Tropical,24,209066,0.816,0.77,-5.94,127.971,afrobeat
Plastilina Mosh,Banano´s Bar,27,348826,0.605,0.842,-9.482,116.151,afrobeat
Los Amigos Invisibles;Kinky,Anestesiada (feat. Kinky),26,224586,0.736,0.951,-3.983,116.001,afrobeat
Jorge Drexler,Memoria del cuero,25,304440,0.674,0.869,-9.837,117.999,afrobeat
Los Amigos Invisibles;Los Auténticos Decadentes,Aquí Nadie Esta Sano (feat. Los Auténticos Decadentes),27,226613,0.768,0.91,-2.398,123.023,afrobeat
BaianaSystem;Tropkillaz,Saci (Remix),42,183779,0.974,0.922,-3.983,127.989,afrobeat
Calle 13,Muerte En Hawaii,71,189866,0.675,0.588,-7.168,79.989,afrobeat
The Bamboos,Hard Up,12,255227,0.782,0.922,-4.028,104.015,afrobeat
Kutiman;Doctor Flake,Maasai - Doctor Flake Remix,43,470837,0.648,0.874,-5.851,101.994,afrobeat
William Onyeabor,Fantastic Man,45,386160,0.7,0.756,-10.714,114.28,afrobeat
Menahan Street Band;Saundra Williams,There's a New Day Coming,55,143120,0.382,0.507,-8.179,135.787,afrobeat
TJ Cream;Ozoro,Sticks & Stones,23,159008,0.678,0.634,-6.606,159.682,afrobeat
Manu Dibango,Soul Makossa,49,264306,0.831,0.835,-3.768,114.997,afrobeat
Thiago França,Raggaxixe,23,146813,0.72,0.73,-6.385,93.414,afrobeat
Sarah Téibo,Lead the Way,22,240680,0.729,0.807,-5.803,98.969,afrobeat
Thiago França,Um samba pra John Coltrane,23,100146,0.701,0.715,-7.829,139.733,afrobeat
Nathanael,24-Jul,23,173871,0.337,0.623,-5.735,56.499,afrobeat
Voilaaa;Pat Kalla,Pour la vie,22,286876,0.863,0.687,-9.997,133.901,afrobeat
Big Ty;Markis,Le king m'a validé,22,237599,0.662,0.93,-7.483,125.014,afrobeat
The Poets Of Rhythm,More Mess on My Thing,57,252000,0.542,0.869,-6.18,190.509,afrobeat
Mulatu Astatke,Yègellé Tezeta,51,194293,0.839,0.233,-13.539,125.597,afrobeat
Timoneki,Mictlán,23,276970,0.518,0.649,-7.188,180.202,afrobeat
Sarah Téibo;Fred Hammond,Like a Child - Remix,23,186648,0.711,0.811,-5.59,100.065,afrobeat
Morbo y Mambo;Andres Nusser,Plan de Vuelo,22,211500,0.647,0.688,-8.47,123.996,afrobeat
Voilaaa;Hawa;Fouley Badiaga,Vampires,21,301259,0.879,0.731,-9.609,119.997,afrobeat
Los Amigos Invisibles,Si Estuvieras Aquí,25,251413,0.693,0.569,-9.466,130.011,afrobeat
Afrocidade,Vivão (vinheta),22,69942,0.483,0.887,-8.489,74.325,afrobeat
QUITAPENAS,Guayabo,21,181655,0.589,0.827,-6.01,117.74,afrobeat
Son Palenque;Cerrero;El León Pardo,Adiós Batata - Cerrero Dub Mix,24,407295,0.625,0.703,-5.571,114.113,afrobeat
The Bamboos;Washington,The Wilhelm Scream,23,268040,0.566,0.621,-5.62,150.033,afrobeat
Ikebe Shakedown,Tujunga,22,201013,0.683,0.83,-5.994,127.237,afrobeat
Nosa,Why You Love Me,0,216071,0.503,0.886,-5.085,133.931,afrobeat
The Mighty Imperials,Cold Sweat,23,321160,0.537,0.619,-11.404,119.222,afrobeat
The Poets Of Rhythm,Ham Gallery,23,201400,0.781,0.848,-9.61,109.49,afrobeat
Jorge Drexler,Cerca del mar,23,222040,0.749,0.391,-16.177,96.035,afrobeat
Metá Metá,Oya,23,323291,0.44,0.742,-5.234,129.169,afrobeat
Criolo,Hora da Decisão,22,248520,0.742,0.577,-6.253,144.011,afrobeat
The Bongo Hop;Nidia Gongora,La Carga,22,361160,0.738,0.709,-6.431,104.987,afrobeat
Criolo,Filha do Maneco,22,105360,0.666,0.528,-6.618,133.916,afrobeat
Voilaaa;Pat Kalla,Water No Get Enemy,22,302341,0.886,0.646,-11.349,125.007,afrobeat
Mandrill,Lord Of The Golden Baboon,23,214306,0.571,0.845,-6.674,128.627,afrobeat
Criolo,Calçada,22,206760,0.815,0.768,-5.136,111.077,afrobeat
BaianaSystem,Barbatana,24,142226,0.558,0.778,-6.747,131.049,afrobeat
Plastilina Mosh,Kinkinzazo,25,206093,0.688,0.948,-4.961,126.703,afrobeat
Juanafé,Chinchín,23,237180,0.665,0.792,-4.255,121.831,afrobeat
Jorge Drexler,Club Tonight - Cara B,23,271080,0.677,0.268,-20.8,151.64,afrobeat
Los Amigos Invisibles,Plastic Woman,25,205520,0.875,0.684,-6.257,115.031,afrobeat
Orquestra Brasileira de Música Jamaicana,Take 5 - Ao Vivo Na Casa De Francisca,23,431640,0.734,0.444,-10.782,136.305,afrobeat
Abayomy Afrobeat Orquestra;Otto,Mundo Sem Memória,20,256000,0.697,0.878,-7.686,102.012,afrobeat
Wganda Kenya,El Lobo,23,182493,0.528,0.862,-7.348,110.192,afrobeat
Samuca e a Selva,Afobado Peito Altivo,22,361001,0.424,0.754,-6.66,100.955,afrobeat
BaianaSystem;Thiago França,Reza Frevo,22,96524,0.454,0.98,-7.526,161.12,afrobeat
BaianaSystem,Monopólio,25,197600,0.532,0.93,-5.064,169.997,afrobeat
Mandrill,Can You Get It,7,427160,0.858,0.912,-8.237,122.496,afrobeat
Jorge Drexler,El sur del sur,23,225933,0.695,0.385,-12.691,120.149,afrobeat
Limoblaze;Ada Ehi,Okay,40,155468,0.787,0.751,-5.288,105.003,afrobeat
Osibisa,Dance the Body Music,27,229480,0.731,0.831,-7.615,120.919,afrobeat
Nero X,Yawa Dey,38,260220,0.858,0.634,-5.085,105.018,afrobeat
Ikebe Shakedown,Road Song,51,180226,0.63,0.735,-7.682,106.589,afrobeat
TJ Cream;Marko,"Hard Talk, Pt. 2",21,131395,0.71,0.615,-7.143,95,afrobeat
Angeloh;S.O,I Do It,21,255122,0.699,0.493,-8.809,140.029,afrobeat
Lijadu Sisters,Come on Home,45,318785,0.537,0.501,-11.22,93.849,afrobeat
Ali Farka Touré;Toumani Diabaté,Monsieur le Maire de Niafunké,12,238906,0.589,0.427,-13.527,99.648,afrobeat
Mulatu Astatke,Tezeta,49,368539,0.549,0.254,-14.48,81.484,afrobeat
Ali Farka Touré,Soukora (with Ry Cooder),12,365173,0.431,0.328,-17.312,90.316,afrobeat
Brownout,Brown Wind and Fire,22,181520,0.594,0.614,-10.175,159.94,afrobeat
QUITAPENAS,Valle Moreno,21,219768,0.534,0.847,-8.527,119.205,afrobeat
Jorge Drexler,Silencio,21,207986,0.887,0.568,-10.146,127.923,afrobeat
Abayomy Afrobeat Orquestra;Orlando Julius,Adará,21,267091,0.613,0.9,-8.293,121.032,afrobeat
Jorge Drexler,Tu voyeur,22,266000,0.738,0.355,-15.786,154.019,afrobeat
Speedometer,Happy,22,220000,0.59,0.613,-9.547,147.171,afrobeat
Caê,Incompletos,21,232800,0.753,0.514,-8.159,120.073,afrobeat
Eddie Neblett,Influence of Worship,22,245708,0.536,0.702,-5.748,82.83,afrobeat
Mandrill,Hang Loose,22,288933,0.54,0.797,-10.777,128.291,afrobeat
Voilaaa;Pat Kalla,Tu n'as pas de voiture,21,275433,0.876,0.72,-9.916,132.984,afrobeat
OQuadro;Jorge Du Peixe,Asas,21,192000,0.723,0.636,-10.265,79.958,afrobeat
Menahan Street Band,Ivory and Blue - Reprise,22,65026,0.329,0.84,-9.316,174.761,afrobeat
Nomade Orquestra,Pinga Fogo,21,290693,0.586,0.827,-6.044,167.962,afrobeat
Afrocidade;Luedji Luna,Lua Branca,21,240000,0.81,0.858,-3.704,110.993,afrobeat
São Paulo Ska Jazz;Ken Stewart,Adiós Nonino,22,224281,0.776,0.673,-6.067,141.032,afrobeat
Jorge Drexler,La huella de tu mirada,23,212493,0.651,0.371,-8.62,78.718,afrobeat
Criolo,Não Existe Amor em SP (Instrumental),20,282093,0.76,0.35,-9.481,141.988,afrobeat
Jorge Drexler,Llueve,23,249333,0.4,0.471,-9.494,64.502,afrobeat
Calle 13,Bienvenidos A Mi Mundo,24,237026,0.658,0.715,-7.416,189.895,afrobeat
Jor'dan Armstrong,WILIN',22,249151,0.727,0.517,-6.88,127.932,afrobeat
El Michels Affair,Slide Show,21,136773,0.587,0.716,-7.943,81.689,afrobeat
Jorge Drexler,Lontano lontano - Cara B,22,231493,0.7,0.344,-20.913,89.845,afrobeat
Plastilina Mosh,Aropador,21,240026,0.783,0.506,-14.552,117.147,afrobeat
El Michels Affair,This Song's For You,22,165040,0.542,0.517,-8.13,66.552,afrobeat
The Budos Band,Turn and Burn,22,344840,0.445,0.833,-7.373,116.012,afrobeat
Afrocidade,Até de Manhã,21,168000,0.746,0.83,-4.983,100.015,afrobeat
Juanafé,Maleducao,22,336000,0.764,0.681,-7.947,123.986,afrobeat
Plastilina Mosh,Danny Trejo,25,240200,0.771,0.968,-6.142,93.984,afrobeat
The Budos Band,Deep in the Sand,22,225826,0.471,0.864,-5.079,119.095,afrobeat
Lafayette Afro Rock Band,Avi-Vo - Remastered,21,215322,0.709,0.868,-6.436,118.125,afrobeat
Juanafé,La Dormida,21,156721,0.618,0.491,-9.164,89.827,afrobeat
Criolo,Boca Fofa,21,140280,0.723,0.782,-5.127,167.865,afrobeat
Femi Kuti,Sorry Sorry - Old School Afro Dub,21,444159,0.763,0.871,-8.779,101.199,afrobeat
BaianaSystem,Chapéu Panamá,24,185573,0.823,0.93,-4.663,105.017,afrobeat
Samuca e a Selva,Passeando em Mim,21,202568,0.875,0.722,-5.276,117.997,afrobeat
Metá Metá,Logun,22,478197,0.617,0.868,-7.344,122.883,afrobeat
Mandrill;Michael Masser,Ali Bombaye (Zaire Chant) I,21,223226,0.528,0.967,-8.212,128.446,afrobeat
Los Amigos Invisibles;Oscar D'León,Sabrina (feat. Oscar D'León),23,262040,0.458,0.885,-4.31,195.646,afrobeat
Plastilina Mosh,Aquamosh,24,236706,0.704,0.728,-10.712,92.228,afrobeat
BaianaSystem,Criado Mudou,23,127960,0.549,0.704,-7.025,133.986,afrobeat
Limoblaze;Marizu,For Me,43,194063,0.728,0.719,-4.201,107.95,afrobeat
ATR;Luedji Luna,Batom,21,223092,0.656,0.508,-10.105,194.015,afrobeat
Orchestra Baobab,Utrus Horas,10,523453,0.725,0.266,-15.384,86.727,afrobeat
ST-Saint;Mark Asari;Reblah;678NATH;Raptist & Marko;Leslie Skye;Zelijah & Konola;Gtay;Nizzy Nath;JL Poleon,Ring the Alarm,20,375095,0.643,0.787,-5.843,140.279,afrobeat
Angeloh,Fill My Cup,20,259660,0.615,0.704,-7.582,100.019,afrobeat
A Mose;TBabz,Authentic,20,153103,0.788,0.499,-9.061,97.977,afrobeat
Voilaaa;Sir Jean,Spies Are Watching Me,48,432963,0.892,0.708,-9.041,127.002,afrobeat
Les Mamans du Congo;RROBIN;João Selva,Mbila - João Selva Remix,20,242355,0.821,0.769,-9.618,123.904,afrobeat
Ocote Soul Sounds,Contra el Sol,20,96733,0.664,0.854,-10.352,107.855,afrobeat
Oba Reengy;Yoski,Rejoice,20,175072,0.55,0.557,-6.875,111.383,afrobeat
Romperayo,Que Tumba,20,196421,0.714,0.613,-10.434,93.969,afrobeat
Calle 13,Uiyi Guaye,22,305440,0.734,0.783,-7.379,183.918,afrobeat
Orquestra Voadora,Pernas Voadoras,21,172695,0.655,0.62,-7.736,97.513,afrobeat
Limoblaze;Ada Betsabe;Principal,Blow My Mind - Spanish Remix,20,187547,0.709,0.594,-5.642,189.916,afrobeat
Morbo y Mambo,blanco nigeria,20,188920,0.615,0.694,-10.525,135.861,afrobeat
Sarah Téibo;Tneek,Safe in You,21,232240,0.5,0.778,-5.025,75.145,afrobeat
Star Feminine Band,Le mariage forcé,21,162652,0.716,0.752,-6.036,118.591,afrobeat
Rehmahz;Asha Elia,Comfort Me,20,146311,0.804,0.625,-7.852,99.914,afrobeat
Victor Rice,Tema,21,155479,0.634,0.664,-7.014,130.962,afrobeat
The Souljazz Orchestra,Agoya,20,306733,0.739,0.88,-5.531,115.967,afrobeat
Ondatrópica,Boga Canoero,22,262586,0.648,0.68,-9.002,115.9,afrobeat
Thee Commons,Juaneco Y La Negra,20,297665,0.343,0.886,-3.107,192.492,afrobeat
The Budos Band,Shattered Winds,22,160800,0.447,0.826,-6.556,105.475,afrobeat
BaianaSystem;Tonho Matéria,Catraca,22,125306,0.745,0.93,-4.826,154.929,afrobeat
Kiko Dinucci e Bando Afro Macarrônico,Engasga Gato,20,161000,0.799,0.606,-10.782,114.941,afrobeat
Jorge Drexler,La luna de espejos,21,221893,0.712,0.225,-10.017,87.52,afrobeat
Gyedu-Blay Ambolley,Simigwa-Do,20,258120,0.805,0.812,-5.43,122.003,afrobeat
The Souljazz Orchestra,Is yeelyel,20,247533,0.843,0.805,-7.029,116.002,afrobeat
Samuca e a Selva;Onã,Haja Axé,20,283645,0.701,0.722,-7.221,179.938,afrobeat
The New Mastersounds;Eddie Roberts,Could've Been So Good,23,257071,0.589,0.675,-9.321,119.792,afrobeat
Breakestra,Get It Right,21,192013,0.743,0.962,-3.922,108.602,afrobeat
Plastilina Mosh,Aló,24,246960,0.76,0.662,-8.879,142.012,afrobeat
Newen Afrobeat,Curiche,20,369226,0.79,0.711,-8.014,110.063,afrobeat
William Onyeabor,Shame,20,350640,0.829,0.448,-9.673,103.306,afrobeat
Criolo,Cria de Favela,20,171600,0.695,0.751,-4.966,111.96,afrobeat
The Budos Band,Budos Dirge,22,158760,0.571,0.877,-9.563,120.907,afrobeat
Jackie Mittoo,Freak Out,22,136000,0.715,0.635,-9.616,79.255,afrobeat
Jor'dan Armstrong,You Should Know,21,239866,0.393,0.616,-7.564,97.458,afrobeat
Lack Of Afro;Roxie Ray,Closer to Me,22,266200,0.677,0.902,-7.584,111.925,afrobeat
The Budos Band,Reppirt Yad,22,177253,0.509,0.511,-11.24,116.851,afrobeat
Newen Afrobeat,Polvo de Inti,20,300760,0.553,0.847,-5.1,159.896,afrobeat
Plastilina Mosh,Mr. P-Mosh,23,257640,0.791,0.642,-8.502,94.585,afrobeat
Jor'dan Armstrong,Count It,21,177738,0.517,0.858,-5.168,100.04,afrobeat
Plastilina Mosh,El Sirenito,23,235186,0.671,0.898,-6.861,92.953,afrobeat
Jorge Drexler,La aparecida,22,276906,0.539,0.372,-8.864,147.078,afrobeat
Ebo Taylor,Mizin,22,312419,0.808,0.841,-5.99,106.477,afrobeat
Calle 13,Pa'l Norte - Beauty Brain Remix,23,266432,0.791,0.835,-6.807,140.027,afrobeat
Jackie Mittoo,Reggae Rock,22,117733,0.752,0.451,-9.922,81.468,afrobeat
Juanafé,El Que Te Quiere Te Quiere,21,211576,0.722,0.904,-5.661,93.94,afrobeat
Metá Metá,Ora Iê Iê O,21,152372,0.682,0.815,-7.55,106.068,afrobeat
Jorge Drexler,Todo se transforma,63,217146,0.761,0.488,-7.326,100.024,afrobeat
El Michels Affair,Villa,48,165735,0.503,0.733,-7.272,167.935,afrobeat
Osibisa,Ojah Awake,9,296093,0.581,0.709,-13.307,132.096,afrobeat
Greyboy;Nino Moschella,Love,53,216080,0.851,0.414,-8.518,102.807,afrobeat
Rex Williams,You Are My Heart,46,193000,0.675,0.681,-7.458,97.442,afrobeat
Akalé Wubé;Manu Dibango,Anbessa,49,221720,0.82,0.473,-7.3,120.066,afrobeat
The Budos Band,Old Engine Oil,40,191213,0.366,0.91,-6.157,92.94,afrobeat
Ilover,Amoureux,20,228115,0.703,0.859,-3.991,82.069,afrobeat
Limoblaze;Dj Horphuray,Your Love,42,224208,0.795,0.719,-4.791,110.02,afrobeat
Cymande,Bra,47,306360,0.676,0.769,-10.142,117.733,afrobeat
Sarah Téibo;Jason Nicholson-Porter;Tehillah Daniels,Like a Child,20,246596,0.631,0.703,-6.242,90.066,afrobeat
Morbo y Mambo,Bs80,20,220550,0.484,0.783,-7.923,164.006,afrobeat
Caê,Bim-Bim-Bim,20,195891,0.778,0.76,-6.408,122.108,afrobeat
Ali Farka Touré,Bonde (with Ry Cooder),11,328826,0.514,0.532,-17.026,113.821,afrobeat
Sarah Téibo,Never Leave Me,19,187000,0.723,0.558,-7.514,103.983,afrobeat
Tony Allen,Ikeja Roads,48,160948,0.777,0.598,-13.803,100.007,afrobeat
Orquestra Voadora,Revoar,21,271189,0.413,0.744,-9.798,88.561,afrobeat
TBabz;Naffymar,Original Joy,20,177272,0.79,0.502,-8.194,87.996,afrobeat
Nomade Orquestra,Ginga Ponteiro in Versão,19,320058,0.809,0.677,-4.825,110.001,afrobeat
Jaron Nurse,Tell Somebody Bout Jesus,19,195000,0.668,0.612,-7.168,82.861,afrobeat
Bantunagojeje,Abre-Caminho,19,226095,0.572,0.73,-12.687,129.706,afrobeat
BaianaSystem,Raminho,21,78390,0.548,0.691,-8.069,145.933,afrobeat
The Sound Stylistics,KNUCKLEHEAD,21,333986,0.688,0.897,-5.623,113.784,afrobeat
The Soul Snatchers,Sniffin' & Snatchin',21,215800,0.785,0.862,-7.252,106.052,afrobeat
Vaudou Game,Pas la peine,20,214272,0.82,0.788,-5.81,122.712,afrobeat
Kiko Dinucci e Bando Afro Macarrônico,Santa Bamba,19,208013,0.734,0.463,-9.349,85.988,afrobeat
Breakestra,Posed To Be - Instrumental,21,213666,0.783,0.864,-8.554,104.356,afrobeat
Criolo,Duas de Cinco,20,224880,0.658,0.718,-8.128,80.112,afrobeat
Criolo,Subirusdoistiozin (Instrumental),19,210280,0.787,0.385,-7.672,86.456,afrobeat
Romperayo,Tuntuna Rebajada,20,241375,0.7,0.713,-9.615,83.493,afrobeat
Jorge Drexler,Al Otro Lado Del Río (342 Amazônia ao Vivo no Circo Voador),21,189386,0.705,0.435,-12.185,124.705,afrobeat
Star Feminine Band,Femme africaine,21,224568,0.517,0.834,-6.918,113.778,afrobeat
Lack Of Afro,The Importance of Elsewhere,21,243186,0.795,0.727,-9.737,108.036,afrobeat
Plastilina Mosh,Mjlm,23,240466,0.739,0.854,-3.464,126.39,afrobeat
Samuca e a Selva,Jussara,19,226642,0.806,0.685,-5.217,104.011,afrobeat
The Budos Band,The Proposition,21,172506,0.507,0.905,-7.304,97.327,afrobeat
BaianaSystem,Amendoim Pão de Mel,22,206349,0.648,0.855,-6.381,148.022,afrobeat
Orchestra Baobab,Aduna Diaroul Niawo,21,257906,0.585,0.6,-4.554,85.91,afrobeat
Greatman Takit,Story,20,190546,0.845,0.849,-5.77,106.873,afrobeat
The New Mastersounds;Eddie Roberts,Georgie Famous,22,218106,0.442,0.804,-9.555,150.144,afrobeat
Samuca e a Selva,Reflertar,19,198722,0.663,0.478,-8.649,149.957,afrobeat
Los Amigos Invisibles,Burundanga,22,299400,0.759,0.914,-7.616,109.998,afrobeat
Jorge Drexler,Fractura de escafoides tarsiano derecho - Cara B,21,208026,0.481,0.442,-20.759,151.445,afrobeat
The Budos Band,Mark of the Unnamed,21,239693,0.622,0.797,-8.958,114.822,afrobeat
Euforquestra;Kyle Hollingsworth,Instant Coffee (feat. Kyle Hollingsworth),19,306200,0.717,0.777,-4.229,101.941,afrobeat
The New Mastersounds,You Mess Me Up,22,128973,0.573,0.995,-3.365,98.171,afrobeat
BaianaSystem;BNegão,Systema Fobica,22,394840,0.795,0.63,-9.01,93.006,afrobeat
Orquestra Brasileira de Música Jamaicana,Cotidiano,21,208885,0.803,0.661,-10.578,140.018,afrobeat
Jackie Mittoo,Henry the Great,20,212493,0.937,0.5,-11.622,101.665,afrobeat
Los Amigos Invisibles,All Day Today,22,263320,0.75,0.932,-5.68,124.012,afrobeat
Calle 13,La Vuelta Al Mundo,70,234133,0.748,0.538,-9.943,124.974,afrobeat
Letta Mbulu,Nomalizo,51,311866,0.86,0.41,-13.625,98.269,afrobeat
Eben,Victory,41,230505,0.751,0.697,-3.45,125.924,afrobeat
Ali Farka Touré;Toumani Diabaté,Sabu Yerkoy,10,248986,0.599,0.364,-12.63,81.317,afrobeat
The Dynamics,Move on Up,53,359213,0.836,0.709,-9.135,145.952,afrobeat
Fela Kuti,Zombie,41,745653,0.672,0.942,-5.145,131.45,afrobeat
Ikebe Shakedown,Dram,50,243693,0.595,0.765,-8.626,149.58,afrobeat
El Michels Affair;Piya Malik,Murkit Gem,42,192404,0.536,0.632,-10.067,117.796,afrobeat
Matata,Gimme Some Lovin',20,170026,0.831,0.658,-12.597,116.698,afrobeat
Jungle Fire,Snake Pit - Stove Mix,19,245818,0.806,0.716,-5.483,124.778,afrobeat
The Dynamics,Rock It,19,189920,0.814,0.824,-9.559,129.01,afrobeat
Buyepongo,Musica Alegre,19,288733,0.794,0.736,-5.008,126.032,afrobeat
Voilaaa;Lass,Mandjou,19,323278,0.843,0.801,-8.712,116.017,afrobeat
BaianaSystem;Bule Bule;Rapadura,Oxe,21,198466,0.793,0.913,-3.816,108.013,afrobeat
QUITAPENAS,Tranquilidad,19,209723,0.555,0.904,-7.099,146.4,afrobeat
Oba Reengy,Increase Comes From You,19,168030,0.811,0.37,-10.857,112.012,afrobeat
Plastilina Mosh,Magic Fever,22,291373,0.61,0.808,-5.957,137.086,afrobeat
Lack Of Afro;Wayne Gidden,A Time For,21,274720,0.642,0.673,-9.835,93.881,afrobeat
Ikebe Shakedown,Unqualified,19,204853,0.599,0.907,-5.236,122.843,afrobeat
Ricardo Lemvo,Africa Havana Paris,19,295333,0.756,0.629,-8.176,156.029,afrobeat
Los Amigos Invisibles,Mami Te Extraño,22,201080,0.806,0.561,-6.081,135.02,afrobeat
Lafayette Afro Rock Band,Conga - Remastered,19,301617,0.705,0.83,-9.266,119.099,afrobeat
The New Mastersounds;Eddie Roberts;Lamar Williams Jr.,Before,21,244560,0.58,0.549,-12.382,144.091,afrobeat
Kiko Dinucci e Bando Afro Macarrônico,Rainha das Cabeças,19,167293,0.73,0.736,-6.807,139.961,afrobeat
Afrocidade,Topo do Mundo,19,185864,0.744,0.863,-4.424,132.983,afrobeat
Criolo,Bogotá (Instrumental),19,280546,0.751,0.882,-7.125,122.037,afrobeat
Jorge Drexler,La trama y el desenlace,21,246013,0.578,0.49,-7.965,150.016,afrobeat
Foli Griô Orquestra;DJ Vinimax;Cebolinha do Passinho,Aquecimento Caboclo Roxo,19,479204,0.633,0.79,-7.266,127.623,afrobeat
Ricardo Lemvo;Makina Loca,Boom Boom Tarará,19,287026,0.778,0.871,-6.088,123.06,afrobeat
Ondatrópica,Malaria,21,220280,0.647,0.798,-9.506,109.897,afrobeat
Lack Of Afro;Wax;Herbal T,Back in Business,21,226515,0.815,0.925,-6.041,116.057,afrobeat
Plastilina Mosh,Naranjada,23,216933,0.739,0.886,-5.927,145.02,afrobeat
BaianaSystem,Dança de Airumã,21,227986,0.683,0.852,-4.568,108.033,afrobeat
Brownout;Brown Sabbath;Aaron Behrens,Sabbath Bloody Sabbath,19,341765,0.332,0.786,-8.419,143.4,afrobeat
Plastilina Mosh,Toll Free,22,201746,0.746,0.722,-5.389,138.153,afrobeat
Newen Afrobeat,Cántaros,19,432213,0.698,0.63,-8.342,100.014,afrobeat
Mulatu Astatke;The Heliocentrics,An Epic Story,20,301133,0.389,0.672,-8.768,173.954,afrobeat
Jor'dan Armstrong;Lowell Pye,Miracle,20,230225,0.307,0.68,-4.153,74.151,afrobeat
Los Amigos Invisibles,El Baile Del Sobón,22,226146,0.735,0.92,-7.772,154.988,afrobeat
Samuca e a Selva,Chama Arteira,19,262000,0.694,0.731,-5.111,125.769,afrobeat
BaianaSystem;Mulú,Lucro/Descomprimindo (Mulú Remix),21,190066,0.853,0.607,-7.932,104.984,afrobeat
William Onyeabor,The Moon and The Sun,20,560280,0.616,0.838,-6.462,145.936,afrobeat
Plastilina Mosh,Oxidados,20,145253,0.463,0.996,-6.017,182.069,afrobeat
Plastilina Mosh,Afroman,23,221266,0.644,0.883,-8.481,104.159,afrobeat
Pat Kalla;Le Super Mojo;Bosq,Canette - Bosq Remix,19,373515,0.852,0.699,-9.888,123.018,afrobeat
Orquestra Brasileira de Música Jamaicana,Águas de Março,20,179866,0.851,0.498,-7.259,129.1,afrobeat
Los Amigos Invisibles,Mi Linda,22,226333,0.727,0.897,-6.356,135.087,afrobeat
Calle 13;Rubén Blades;La Chilinga,La Perla (feat. Rubén Blades & La Chilinga),22,416133,0.735,0.681,-7.757,90.003,afrobeat
Calle 13;Julian Assange;Tom Morello;Kamilya Jubran,"Multi-Viral (feat. Julian Assange, Tom Morello & Kamilya Jubran)",21,260877,0.501,0.963,-3.768,165.128,afrobeat
Metá Metá,Oranian,21,238811,0.561,0.561,-6.909,106.187,afrobeat
Limoblaze;Ada Ehi,Gold,0,174146,0.479,0.719,-7.075,113.017,afrobeat
Eben,Jesus at the Centre,41,369529,0.489,0.557,-6.027,135.907,afrobeat
ST-Saint,4:ME,18,226586,0.637,0.671,-6.762,97.602,afrobeat
El Michels Affair;Piya Malik,Unathi,43,213749,0.524,0.65,-7.307,107.493,afrobeat
Ali Farka Touré;Toumani Diabaté,56,10,417186,0.448,0.411,-10.141,89.475,afrobeat
TJ Cream;Edz,Many Are Called,19,206958,0.882,0.722,-8.223,140.028,afrobeat
Iconili,Mulato,18,199080,0.635,0.752,-7.316,121.92,afrobeat
Hektombe,La Negra,18,359045,0.717,0.683,-10.197,113.016,afrobeat
Sharyn,Mercy,18,243377,0.765,0.434,-8.515,141.939,afrobeat
Qyubi,Woso,19,238001,0.778,0.619,-10.109,102.017,afrobeat
Calle 13;Totó La Momposina;Susana Baca;Maria Rita,"Latinoamérica (feat. Totó la Momposina, Susana Baca & Maria Rita)",64,301426,0.691,0.805,-6.81,142.503,afrobeat
Eddie Neblett,River,19,232586,0.569,0.704,-10.146,104.725,afrobeat
Victor Rice,La Mura,20,186909,0.545,0.608,-8.642,141.849,afrobeat
The Dynamics,After Laughter Comes Tears,19,284102,0.791,0.358,-12.384,83.007,afrobeat
BANTU;Megaloh;Ghanaian Stallion,Cash and Carry - Remix,19,237301,0.846,0.814,-4.997,114.886,afrobeat
La Cumbia Chicharra,Rita,18,202640,0.754,0.434,-10.196,86.01,afrobeat
Soothsayers,Nothing Can Stop Us,18,229719,0.78,0.758,-7.629,111.038,afrobeat
Jor'dan Armstrong,EMOTIONS,19,253815,0.484,0.572,-6.248,138.342,afrobeat
Voilaaa;Renaud Bilombo,Tomowa,19,330372,0.902,0.75,-8.803,121.989,afrobeat
Voilaaa;Sir Jean;Patchworks,Spies Are Watching Me - Patchworks Remix,18,468693,0.861,0.671,-8.737,127.015,afrobeat
Romperayo,Asi No Se Puede Muchaches,19,240640,0.736,0.885,-5.579,112.01,afrobeat
OQuadro,Evolui (Bem Aventurados),19,247560,0.851,0.772,-6.516,93.521,afrobeat
Calle 13,Pi-di-di-di,21,211080,0.817,0.676,-5.619,94.943,afrobeat
Newen Afrobeat,Vuela Junto a Mí,18,395720,0.795,0.904,-7.685,100.045,afrobeat
Afrocidade;Nildes Bomfim,Canoeiro (vinheta),19,36006,0.573,0.92,-8.486,110.488,afrobeat
Gyedu-Blay Ambolley,Walk 4 Ground,19,457539,0.798,0.728,-6.235,120.001,afrobeat
Metá Metá,Exu,20,107624,0.643,0.507,-6.524,116.743,afrobeat
Euforquestra;Alan Evans,That Woman (Congo Sanchez Remix) [feat. Alan Evans],18,301346,0.735,0.721,-6.701,93,afrobeat
Money Chicha,Chicha Negra,19,254238,0.452,0.853,-6.06,97.222,afrobeat
Ikebe Shakedown,Tame the Beats,18,202466,0.826,0.744,-8.207,144.981,afrobeat
Calle 13,Intro Crónica De Un Nacimiento,21,95733,0.429,0.456,-9.763,93.678,afrobeat
The Bongo Hop;Maikcel,Nowa - Radio Edit,19,218087,0.742,0.919,-6.173,99.906,afrobeat
Jackie Mittoo,Deeper and Deeper,19,170120,0.577,0.593,-8.646,78.238,afrobeat
The Budos Band,Trail of Tears,20,162360,0.532,0.641,-6.999,96.142,afrobeat
Jor'dan Armstrong,I'm Wit It,20,217720,0.82,0.587,-6.91,100.014,afrobeat
Newen Afrobeat,Nación Nueva,18,579760,0.668,0.75,-6.718,134.96,afrobeat
Manu Dibango;Cuarteto Patria,Son de la Loma,19,259160,0.485,0.741,-4.425,103.72,afrobeat
El Hijo De La Cumbia;La Dame Blanche,Che Revolution (feat. La Dame Blanche),19,220183,0.735,0.919,-4.58,109.022,afrobeat
Samuca e a Selva,Só,19,229854,0.757,0.84,-7.052,112.081,afrobeat
Jor'dan Armstrong,Higher,19,267910,0.765,0.888,-5.344,120.042,afrobeat
BaianaSystem;Céu,O Que Não Me Destrói Me Fortalece,21,233894,0.739,0.582,-6.831,119.028,afrobeat
Warsaw Afrobeat Orchestra;Bosq,Only Now - Bosq Remix,18,400000,0.788,0.917,-6.353,108.991,afrobeat
Jorge Drexler,Era de amar,20,239026,0.697,0.632,-7.845,74.359,afrobeat
Ernest Ranglin,Five Thirty,19,389106,0.751,0.279,-14.352,138.848,afrobeat
Samuca e a Selva;Liniker,O Trem Azul,19,283950,0.718,0.458,-8.916,170.92,afrobeat
Calle 13,Fiesta de Locos,21,267533,0.775,0.922,-4.866,105.085,afrobeat
Los Amigos Invisibles,Groupie,21,280440,0.761,0.756,-7.656,126.122,afrobeat
Plastilina Mosh,Human Disco Ball,19,214960,0.795,0.989,-7.986,125.028,afrobeat
Plastilina Mosh,Encendedor,21,156920,0.647,0.855,-9.225,107.859,afrobeat
The New Mastersounds,On the Border,20,251186,0.78,0.934,-4.843,102.038,afrobeat
Ali Farka Touré;Toumani Diabaté,Warbé,10,291226,0.601,0.247,-17.785,148.516,afrobeat
Höröyá,Gri Gri Bá Dön,18,345022,0.767,0.837,-4.364,135.972,afrobeat
El Michels Affair;Lee Fields;The Shacks,Tearz,49,151926,0.75,0.382,-8.466,97.226,afrobeat
Ali Farka Touré;Toumani Diabaté,Doudou,9,287146,0.404,0.397,-11.112,171.012,afrobeat
Ali Farka Touré,Savane,9,463920,0.764,0.282,-10.46,135.736,afrobeat
Ali Farka Touré;Toumani Diabaté,Be Mankan,9,306960,0.583,0.206,-12.297,123.362,afrobeat
William Onyeabor;Hot Chip,Atomic Bomb - William Onyeabor vs. Hot Chip,44,436236,0.834,0.56,-10.062,125.798,afrobeat
Calle 13,La Crema,21,241240,0.579,0.748,-5.933,91.944,afrobeat
Rehmahz;Oba Reengy,By My Side,18,150334,0.614,0.629,-5.336,90.524,afrobeat
Sharyn,Anyway,18,274297,0.541,0.31,-9.523,137.956,afrobeat
Lefties Soul Connection,The Waddle,20,182234,0.641,0.837,-5.248,86.177,afrobeat
Marizu,Stay Here,19,196363,0.575,0.441,-9.141,98.868,afrobeat
Sambabook;Criolo,Tiê,18,236733,0.668,0.516,-9.196,89.252,afrobeat
TJ Cream;Marko,Hard Talk,19,130750,0.682,0.569,-6.317,151.09,afrobeat
Calle 13,Se Vale To-To,21,230306,0.699,0.739,-6.256,175.979,afrobeat
Jorge Drexler,Paisaje lunar,20,176173,0.699,0.503,-11.113,152.933,afrobeat
J Prince,Let Jesus Row,18,212000,0.813,0.83,-5.57,113.985,afrobeat
Alogte Oho & His Sounds of Joy,Allema Timba,18,279595,0.631,0.458,-8.889,141.12,afrobeat
Oba Reengy,Save Me From Myself,18,197718,0.418,0.657,-5.355,87.384,afrobeat
Bacao Rhythm & Steel Band,Beetham Highway Ride,18,187570,0.831,0.758,-4.227,96.293,afrobeat
Soothsayers;Village Cuts,Good Vibration - Village Cuts Remix,18,299124,0.86,0.676,-9.245,94.025,afrobeat
Romperayo,Tacutun,17,186666,0.785,0.671,-7.913,122.966,afrobeat
Mandrill,Mandrill,19,260360,0.536,0.734,-14.068,133.655,afrobeat
Los Pirañas,Palermo's Grunch,18,308864,0.55,0.871,-4.931,131.439,afrobeat
Jungle Fire,Chalupa,17,283440,0.643,0.808,-7.507,116.886,afrobeat
Letta Mbulu,Noma Themba,19,206066,0.734,0.411,-8.984,90.629,afrobeat
Jungle Fire;Felipe Gordon,Atómico - Felipe Gordon Remix - Single Edit,18,271761,0.748,0.816,-9.181,120.996,afrobeat
Morbo y Mambo,la espada de cadorna,18,262773,0.513,0.845,-8.334,130.117,afrobeat
Voilaaa;Pat Kalla,Des promesses,18,423668,0.83,0.785,-9.46,134.019,afrobeat
The Bamboos,The Ghost,19,217733,0.688,0.763,-8.545,99.022,afrobeat
Lack Of Afro,Rusty,20,237026,0.611,0.973,-6.378,100.403,afrobeat
Pacific Express;Jonathan Bulter,Look at the Smile,18,197600,0.688,0.638,-11.181,97.743,afrobeat
A Mose;Nolly,Confirm,18,145610,0.853,0.576,-9.167,104.012,afrobeat
William Onyeabor;The Vaccines;John Hill;Rich Costey,Do You Want a Man - Heaven & Hell Remix,18,145773,0.603,0.921,-3.555,122.978,afrobeat
The Sorcerers,Escape from the Catacombs,18,183783,0.595,0.721,-7.033,166.305,afrobeat
Nomade Orquestra;Edgar,Ocidentes Acontecem,18,343306,0.454,0.743,-6.306,132.043,afrobeat
Juanafé;La Flor del Recuerdo,Si Tu Me Quisieras,19,172157,0.659,0.53,-10.444,126.031,afrobeat
Manu Dibango;Cuarteto Patria,Carnaval,18,350906,0.44,0.739,-4.719,101.033,afrobeat
Thee Commons,Cumbia Del Sol,18,195265,0.606,0.914,-3.337,96.243,afrobeat
Afrocidade,Novos Mundos,18,240000,0.816,0.88,-4.251,120.079,afrobeat
Orgone;Cyril Neville,I Sold My Heart to the Junkman,20,301059,0.534,0.672,-7.066,102.071,afrobeat
The Souljazz Orchestra,Soleil Couchant,18,225953,0.618,0.831,-7.018,126.058,afrobeat
Eddie Neblett,Motives - What Have We Come Here to Do Church?,18,196259,0.715,0.698,-5.12,84.653,afrobeat
King Sunny Ade,Ja Fun Mi - Instrumental,19,433426,0.464,0.683,-12.301,105.437,afrobeat
Newen Afrobeat,Qué Sabemos,18,625066,0.677,0.799,-6.388,125.041,afrobeat
Calle 13,Baile De Los Pobres,21,207160,0.501,0.82,-6.617,179.996,afrobeat
Jackie Mittoo,Drum Song,20,264133,0.696,0.415,-12.57,95.801,afrobeat
Samuca e a Selva,Imensidão,18,196343,0.758,0.803,-4.762,108.015,afrobeat
Los Amigos Invisibles,Las Lycras del Avila,21,181493,0.691,0.624,-8.47,132.297,afrobeat
Los Amigos Invisibles,Mostro,21,160200,0.853,0.799,-5.904,125.015,afrobeat
Calle 13;Silvio Rodríguez,Ojos Color Sol (feat. Silvio Rodríguez),68,215813,0.582,0.443,-7.816,78.071,afrobeat
Los Amigos Invisibles,La Que Me Gusta,71,239626,0.721,0.833,-7.469,100.005,afrobeat
CalledOut Music,My Prayer (Yahweh),42,217446,0.583,0.31,-14.911,140.974,afrobeat
The Bamboos,I Don't Wanna Stop,50,249200,0.69,0.775,-5.116,93.241,afrobeat
Angeloh,Use Me,18,204638,0.581,0.491,-7.539,126.273,afrobeat
Calle 13,Un Beso de Desayuno,20,290666,0.537,0.854,-5.375,84.894,afrobeat
La BOA,Vuelo Antillano,18,266986,0.771,0.735,-7.033,107.975,afrobeat
Bacao Rhythm & Steel Band,Love Like This - 45 Edit,18,205457,0.91,0.837,-2.343,101.494,afrobeat
IFÁ;Okwei V. Odili,Suffer,18,336053,0.718,0.748,-9.315,99.014,afrobeat
IFÁ;Okwei V. Odili,Axé!,18,359173,0.712,0.728,-8.818,115.967,afrobeat
Eddie Neblett,Forgiveness,18,207674,0.496,0.594,-7.131,172.031,afrobeat
Bacao Rhythm & Steel Band,Kaiso Noir (Bonus Track),18,240464,0.815,0.618,-8.167,119.882,afrobeat
Whitefield Brothers,Thunderbird,18,242626,0.709,0.978,-4.67,94.391,afrobeat
Brownout;Brown Sabbath,Into the Void,19,388877,0.34,0.729,-5.995,154.28,afrobeat
Los Amigos Invisibles,Playa Azul,21,279800,0.629,0.745,-8.188,175.979,afrobeat
Abayomy Afrobeat Orquestra,Eru,17,421645,0.565,0.906,-7.053,133.283,afrobeat
Los Amigos Invisibles,Something,21,215205,0.695,0.714,-4.386,116.035,afrobeat
Los Amigos Invisibles,Domingo Echao,20,154906,0.86,0.457,-9.046,114.972,afrobeat
BaianaSystem;Mateus Aleluia,Pangeia,19,202645,0.743,0.631,-7.35,110.034,afrobeat
El Michels Affair,Yennicita,18,188960,0.44,0.682,-6.555,168.385,afrobeat
Voilaaa,C'est le voyage,18,257706,0.868,0.806,-7.644,121.918,afrobeat
Orgone,Nasty Hats,19,218226,0.745,0.82,-7.176,93.978,afrobeat
Lefties Soul Connection,It's Your Thing / Hey Pocky a-Way,19,302506,0.508,0.882,-4.505,170.223,afrobeat
Hugh Masekela;Black Coffee,Stimela (Coal Train) - Black Coffee Remix,17,452666,0.818,0.942,-8.364,123.015,afrobeat
Abayomy Afrobeat Orquestra,Obatalá,17,412300,0.577,0.773,-5.597,93.111,afrobeat
Cymande,Losin' Ground,18,263400,0.77,0.3,-14.659,93.169,afrobeat
The Dynamics,The Creator Has a Masterplan,18,293626,0.781,0.601,-7.788,121.001,afrobeat
Los Amigos Invisibles,Arepa 3000,20,155173,0.661,0.877,-6.969,110.111,afrobeat
Jorge Drexler,El valle de las leñas amarillas,18,353946,0.794,0.4,-9.849,108.622,afrobeat
BaianaSystem;Mahal Pita,Playsom (Mahal Pita Remix),20,155853,0.696,0.686,-8.207,128.102,afrobeat
Jor'dan Armstrong;Tim Bowman Jr.,Pull Me Through,19,242428,0.669,0.754,-4.809,118.091,afrobeat
Ricardo Lemvo,Tata Masamba,18,284826,0.807,0.696,-8.106,91.029,afrobeat
The Bamboos,My Baby's Cheating - I Sure Got the Feeling,19,223280,0.716,0.947,-6.244,101.628,afrobeat
Orgone,Karma Sutra,19,228173,0.651,0.949,-5.316,98.336,afrobeat
Femi Kuti,Sorry Sorry - Old School Afro Dub,18,444159,0.763,0.871,-8.779,101.199,afrobeat
BaianaSystem,Vinheta Baiana,19,82760,0.427,0.59,-12.379,121.578,afrobeat
The Shaolin Afronauts,Baie de Sangareya,18,254106,0.605,0.74,-7.875,102.605,afrobeat
Newen Afrobeat,P.D.T.N. (Prostituto de Transnacional),18,402386,0.68,0.777,-5.853,105.052,afrobeat
Fela Kuti,Lady,18,828586,0.747,0.858,-8.081,106.693,afrobeat
Manoel Cordeiro,Cumbia da Simone,18,184832,0.721,0.777,-5.589,114.014,afrobeat
Orlando Julius;The Heliocentrics,Love Thy Neighbour,19,258333,0.628,0.93,-6.005,108.168,afrobeat
The New Mastersounds;Jeff Franca;Lamar Williams Jr.,Taking Me Down,20,281986,0.692,0.854,-8.608,95.026,afrobeat
The Poets Of Rhythm,The Plan,18,186226,0.782,0.935,-5.135,123.248,afrobeat
Ondatrópica,Cumbia Espacial,20,244594,0.705,0.859,-9.539,91.263,afrobeat
Metá Metá,Rainha das Cabeças,19,230739,0.359,0.953,-5.549,98.935,afrobeat
Jorge Drexler,Vaivén,19,170693,0.696,0.388,-9.831,155.018,afrobeat
Orquestra Brasileira de Música Jamaicana,Pagode Russo,19,146906,0.751,0.868,-4.753,150.052,afrobeat
William Onyeabor,Let's Fall in Love,18,439280,0.713,0.958,-4.755,131.462,afrobeat
Plastilina Mosh,Pornoshop,21,211160,0.635,0.822,-7.123,103.05,afrobeat
Jackie Mittoo,Stereo Freeze,19,185506,0.679,0.648,-9.967,102.627,afrobeat
Kutiman;Dekel,My Everything,41,238577,0.594,0.552,-5.97,110.038,afrobeat
Limoblaze;Johnny Drille,This Loving,38,156831,0.564,0.483,-7.82,101.095,afrobeat
Manu Dibango,Coconut,44,131045,0.652,0.84,-7.198,113.623,afrobeat
La Cumbia Chicharra,¿ Quien Es ?,17,204360,0.79,0.647,-9.688,93.99,afrobeat
Limoblaze;Ada Ehi,Good God,37,215733,0.285,0.513,-7.324,82.303,afrobeat
TJ Cream;First Fire;Marko,Everyday,17,188683,0.522,0.727,-5.118,93.37,afrobeat
Rehmahz;Limoblaze,Victory,18,216868,0.672,0.437,-8.284,126.599,afrobeat
Elikem Kofi,Fever,17,200124,0.766,0.696,-7.859,107.977,afrobeat
Dos Santos,El Pescador,17,213186,0.562,0.722,-5.625,100.747,afrobeat
Angeloh,What You Want,17,237918,0.77,0.584,-5.837,114.96,afrobeat
Zé Bigode Orquestra,Tikulafe,17,295219,0.641,0.77,-8.25,121.956,afrobeat
Whitefield Brothers,Yakuba,18,194813,0.809,0.946,-4.464,90.73,afrobeat
Orquestra Voadora,Amor,18,197746,0.664,0.875,-4.688,104.925,afrobeat
Menahan Street Band,Make the Road By Walking,51,183213,0.615,0.76,-8.393,90.847,afrobeat
Limoblaze,Eledumare,17,200412,0.709,0.854,-5.016,103.018,afrobeat
Foli Griô Orquestra;Carlos Malta;Dofono de Omulu;Ekedi Nicinha,Awo,17,494532,0.594,0.716,-6.656,133.407,afrobeat
Orgone,Do Your Thing,18,241200,0.586,0.702,-6.324,143.434,afrobeat
Chief Checker,Africa Irie,17,342013,0.745,0.587,-8.101,131.977,afrobeat
Mandrill,I Refuse To Smile,18,247760,0.544,0.697,-7.36,87.557,afrobeat
Zé Bigode Orquestra,Vai C Bom,18,193887,0.615,0.874,-6.186,189.944,afrobeat
Criolo,Ainda Há Tempo,18,318360,0.58,0.8,-7.528,81.303,afrobeat
Gyedu-Blay Ambolley,Ketan,17,357074,0.644,0.823,-6.564,104.967,afrobeat
Jor'dan Armstrong,WRONGS,18,192277,0.534,0.631,-8.067,126.018,afrobeat
Lo'Jo;Vincent Ségal;Robert Wyatt,Tout est fragile,17,255735,0.66,0.57,-8.677,120.104,afrobeat
Ikebe Shakedown,Don't Contradict,17,236053,0.776,0.961,-5.986,136.005,afrobeat
Pat Kalla;Le Super Mojo,Président,17,347772,0.774,0.719,-8.976,132.025,afrobeat
The Shaolin Afronauts,Sissoko,17,246106,0.705,0.547,-9.558,120.336,afrobeat
Ikebe Shakedown,Five Points,17,203760,0.511,0.678,-9.048,82.041,afrobeat
Jor'dan Armstrong,Came Up,19,199876,0.72,0.441,-9.626,96.01,afrobeat
Cymande,For Baby Ooh,18,137400,0.817,0.211,-16.785,112.21,afrobeat
Samuca e a Selva,Coragem,17,268181,0.802,0.644,-6.115,124.029,afrobeat
El Michels Affair,Yennicita - Alternate Version,18,184560,0.619,0.585,-11.715,167.942,afrobeat
BaianaSystem,Lucro/Descomprimindo,19,246280,0.713,0.825,-5.44,100.04,afrobeat
The Mauskovic Dance Band,Tuto Bay,18,209805,0.716,0.511,-12.005,133.028,afrobeat
Ernest Ranglin,Surfing,19,225133,0.793,0.436,-7.624,142.011,afrobeat
Afrocidade,Caju,18,31824,0.343,0.472,-17.477,93.945,afrobeat
Orchestra Baobab,Boulmamine,18,355933,0.649,0.618,-11.815,139.307,afrobeat
The Bamboos,Tighten Up,18,230960,0.569,0.949,-4.694,131.921,afrobeat
BaianaSystem;Claudia Manzo,Capucha,20,174680,0.737,0.934,-4.171,104.965,afrobeat
Newen Afrobeat,Voráz,18,327493,0.679,0.774,-8.074,145.009,afrobeat
BaianaSystem;ÀTTØØXXÁ,Calamatraca (ÀTTØØXXÁ Remix),19,182773,0.748,0.626,-6.909,149.933,afrobeat
Breakestra,Back At The Boathouse,18,171704,0.763,0.925,-3.819,98.51,afrobeat
Newen Afrobeat,No Les Creeré,18,258662,0.746,0.829,-6.49,117.714,afrobeat
The Budos Band,Tomahawk,19,209213,0.514,0.85,-6.281,110.897,afrobeat
William Onyeabor,Atomic Bomb,17,480146,0.761,0.382,-8.703,116.887,afrobeat
Los Amigos Invisibles,Esto Es Lo Que Hay,20,445727,0.589,0.789,-7.194,104.178,afrobeat
Plastilina Mosh,Jonaz Goes to Hollywood,21,244786,0.677,0.925,-5.607,102.52,afrobeat
Jorge Drexler,Edén,18,177946,0.643,0.311,-12.188,137.278,afrobeat
Jorge Drexler,Equipaje,18,239360,0.785,0.393,-9.533,126.776,afrobeat
Hugh Masekela,Grazing In The Grass,19,156946,0.673,0.697,-6.953,107.46,afrobeat
Eben;Nathaniel Bassey,No One Like You,40,317675,0.652,0.529,-5.761,129.861,afrobeat
Bacao Rhythm & Steel Band,PIMP,49,194972,0.672,0.858,-5.233,166.689,afrobeat
El Michels Affair;Piya Malik,Zaharila,31,221097,0.378,0.596,-6.61,81.873,afrobeat
The Poets Of Rhythm,Plus Plus,17,306160,0.723,0.722,-7.085,95.558,afrobeat
Jor'dan Armstrong,Favor,18,277600,0.467,0.615,-6.037,142.076,afrobeat
Ocote Soul Sounds;Chico Mann;Quantic,A Pesar La Vida,18,197500,0.496,0.753,-6.673,99.876,afrobeat
Morbo y Mambo,442,17,354253,0.558,0.819,-4.246,132.005,afrobeat
The Sorcerers,The People of the Forest,17,223619,0.86,0.548,-7.875,138.786,afrobeat
TJ Cream;Beloved Music,Wisdom Seeker,18,223529,0.825,0.68,-6.816,96.029,afrobeat
Manu Dibango,Groovy Flute,47,153097,0.678,0.845,-9.412,104.653,afrobeat
Marizu,Amazing,17,183946,0.508,0.483,-6.883,133.207,afrobeat
Nomade Orquestra,Samurai,17,358947,0.603,0.67,-8.638,94.01,afrobeat
Ocote Soul Sounds,Coconut Rock,16,195952,0.796,0.904,-10.571,88.001,afrobeat
Sharyn;Triple O,Life,17,249102,0.666,0.565,-9.782,180.071,afrobeat
La Misa Negra,Tierra,17,74520,0.629,0.577,-6.696,120.042,afrobeat
Maga Bo;BNegão,Tempos Insanos,18,123901,0.871,0.889,-7.84,99.926,afrobeat
Calle 13,A Limpiar El Sucio,20,253426,0.618,0.825,-6.014,79.439,afrobeat
The Poets Of Rhythm,The Jaunt,18,190680,0.739,0.58,-6.879,108.304,afrobeat
Bacao Rhythm & Steel Band,Touchdown,18,154624,0.81,0.621,-6.077,95.911,afrobeat
Metá Metá,Ossanyn,18,283308,0.454,0.636,-7.768,138.448,afrobeat
Whitefield Brothers,Sol Walk,18,211226,0.7,0.933,-4.084,115.711,afrobeat
Jor'dan Armstrong,God Got Me,18,175856,0.787,0.726,-5.637,107.024,afrobeat
Ocote Soul Sounds,Agua Santa,16,247320,0.718,0.872,-5.572,164.013,afrobeat
Voilaaa,Manu écoute ça...,17,270193,0.851,0.776,-6.162,118.019,afrobeat
The Sugarman 3,Sugar's Boogaloo,18,187933,0.62,0.559,-7.15,127.721,afrobeat
The Poets Of Rhythm,Guiding Resolution,17,214706,0.639,0.638,-8.087,101.687,afrobeat
Voilaaa,Jungle Fire,17,378020,0.81,0.612,-11.387,116.803,afrobeat
The Mighty Imperials;Joseph Henry,"Soul Buster, Pt. 1",17,219760,0.601,0.968,-8.814,105.657,afrobeat
Romperayo,El Busetero Buscapleitos,17,260580,0.434,0.87,-7.957,124.228,afrobeat
El Michels Affair,Ocho Rios,18,155306,0.775,0.688,-7.105,94.62,afrobeat
Criolo,Mariô (Instrumental),16,218600,0.724,0.585,-6.768,89.933,afrobeat
Jackie Mittoo,Drum Ting,19,259917,0.735,0.637,-9.044,83.352,afrobeat
Jor'dan Armstrong,Friends,18,202277,0.742,0.668,-3.871,97.009,afrobeat
El Hijo De La Cumbia,Cumbia Regional,17,209711,0.576,0.887,-2.424,109.957,afrobeat
Lack Of Afro;Emma Noble,Fires Glow,19,242940,0.633,0.681,-10.054,110.004,afrobeat
Los Amigos Invisibles,Pipi,20,133920,0.631,0.609,-8.221,174.968,afrobeat
Juanafé;La Flor del Recuerdo,Mi Último Fracaso,18,265086,0.457,0.332,-10.365,164.096,afrobeat
Los Amigos Invisibles,Masturbation Session,20,293386,0.843,0.822,-6.455,117.971,afrobeat
The New Mastersounds,Burnt Back,19,224095,0.537,0.903,-6.951,111.801,afrobeat
BaianaSystem,Frevofoguete,18,206066,0.482,0.714,-8.796,155.103,afrobeat
Zé Bigode Orquestra;Guinu,Alfazema Y Guiné (feat. Guinu),17,118388,0.875,0.761,-5.556,129.911,afrobeat
BaianaSystem;Thiago França,Reza Frevo,18,96766,0.451,0.983,-7.436,161.108,afrobeat
Los Amigos Invisibles,Yo No Se,20,132284,0.56,0.822,-9.234,131.774,afrobeat
Calle 13,Electro Movimiento,19,196986,0.803,0.86,-6.522,109.966,afrobeat
Newen Afrobeat,Come y Calla,17,540346,0.795,0.857,-7.772,97.01,afrobeat
Ebo Taylor;Uhuru-Yenzu,Love and Death,18,499733,0.804,0.92,-7.478,108.979,afrobeat
Plastilina Mosh,Tiki Fiesta,19,187173,0.768,0.688,-9.079,125.112,afrobeat
Metá Metá,Man Feriman,18,460120,0.475,0.76,-6.128,109.977,afrobeat
Plastilina Mosh,Te Lo Juro Por Madonna (Si Omba Ta Gueno),19,181026,0.517,0.966,-5.724,98.14,afrobeat
Los Amigos Invisibles,Mango Cool,19,174293,0.527,0.883,-6.799,155.135,afrobeat
Kutiman,Mix Tel Aviv,36,277438,0.751,0.688,-8.023,120.96,afrobeat
Akalé Wubé,Mata,44,230853,0.569,0.496,-11.423,82.822,afrobeat
TB1,Thank You,39,235826,0.775,0.808,-2.038,115.011,afrobeat
Louis Pascal,Life of Grace,34,205973,0.59,0.491,-9.304,193.616,afrobeat
Jungle Fire,Comencemos (Let's Start),44,152600,0.666,0.903,-6.462,111.84,afrobeat
Oneness Of Juju,Breezin',17,329333,0.616,0.476,-11.388,80.318,afrobeat
Becca Folkes,He Turned It,17,243408,0.663,0.872,-5.162,97,afrobeat
Greyboy,Omega,19,64693,0.755,0.876,-8.079,108.383,afrobeat
Ikebe Shakedown,Rio Grande,46,230986,0.445,0.605,-7.509,162.588,afrobeat
The Shaolin Afronauts,"Abyssinian Suite, Pt. 4",41,292228,0.526,0.762,-12.783,110.086,afrobeat
TJ Cream;Ozoro,Haven`t You Heard?,17,189048,0.865,0.443,-11.879,160.001,afrobeat
Jaron Nurse,Uncommon Girl,17,144065,0.908,0.631,-9.078,110.048,afrobeat
Maga Bo;Mestre Camaleão,É da Nossa Cor,17,195386,0.668,0.873,-3.887,116.968,afrobeat
Victor Rice,The Demander,18,138817,0.678,0.785,-8.721,141.557,afrobeat
Sharyn,Burn Brighter / Like I do,17,204661,0.855,0.662,-7.488,113.003,afrobeat
Jlyricz,Searching,16,190714,0.552,0.424,-6.649,204.128,afrobeat
Speedometer,Funky Amigo,17,203414,0.862,0.673,-9.92,113.427,afrobeat
Jungle Fire,Culebro,16,234333,0.581,0.871,-7.66,118.497,afrobeat
Monomono,Give The Beggar A Chance,16,357266,0.548,0.721,-8.986,163.452,afrobeat
Eddie Neblett,100% Worship,17,216893,0.718,0.73,-11.053,120.145,afrobeat
Tony Allen With Africa 70,Jealousy,17,683893,0.866,0.636,-12.801,99.615,afrobeat
Hugh Masekela,Been Such A Long Time Gone,18,239426,0.538,0.663,-9.609,106.814,afrobeat
Girma Bèyènè;Akalé Wubé,Bèmèlkesh Aydèlèm,18,568506,0.76,0.626,-12.927,99.991,afrobeat
Ikebe Shakedown,Sakonsa,16,152040,0.603,0.984,-6.256,131.249,afrobeat
Jungle Fire,Village Hustle,16,240400,0.785,0.874,-8.122,120.102,afrobeat
Niña Dioz;Shigeto,Nubes (feat. Shigeto),19,184991,0.891,0.855,-3.991,115,afrobeat
Ikebe Shakedown,The Viking,16,273280,0.732,0.967,-6.559,110.103,afrobeat
Tony Allen,Ewa,17,251146,0.692,0.884,-8.655,112.976,afrobeat
Geraldo Pino;The Heartbeats,Black Woman Experience - Mixed,17,170493,0.719,0.736,-12.658,123.326,afrobeat
BaianaSystem;Bule Bule,Vixe,18,66866,0.535,0.636,-6.285,111.069,afrobeat
Tony Allen;Ty,Woman To Man,17,287560,0.898,0.801,-7.586,115.028,afrobeat
Mulatu Astatke,Hager Fiker,17,368546,0.677,0.684,-12.91,92.185,afrobeat
Tony Allen,Ise Nla,18,319533,0.774,0.907,-9.914,110,afrobeat
El Rego;Kill Emil,E Nan Mian Nuku,17,235102,0.753,0.877,-7.837,97.985,afrobeat
Tony Allen,Tiger's Skip,17,231640,0.727,0.481,-10.002,147.327,afrobeat
BaianaSystem;Buguinha Dub;Antonio Carlos & Jocafi;Orquestra Afrosinfônica,Água (Adubada),18,206848,0.486,0.586,-8.539,96.954,afrobeat
William Onyeabor,When The Going Is Smooth & Good,17,773800,0.826,0.629,-6.158,128.164,afrobeat
The Budos Band,Smoke Gets In...,18,222906,0.513,0.347,-13.798,107.468,afrobeat
Orchestra Baobab,Clementine Jam,18,300413,0.545,0.664,-8.202,96.602,afrobeat
Los Amigos Invisibles,Que Rico,20,146076,0.556,0.75,-8.921,130.915,afrobeat
Bixiga 70,Balboa Dub,17,264973,0.644,0.831,-8.835,126.061,afrobeat
Samuca e a Selva,Vermelhos de Ciclos,16,242000,0.753,0.728,-6.071,144.003,afrobeat
Los Amigos Invisibles,Como Sabes Tú,19,219226,0.5,0.926,-5.52,74.973,afrobeat
Jorge Drexler,Tatuaje,18,301413,0.532,0.571,-7.792,79.529,afrobeat
Samuca e a Selva,Amor de Índio,17,275149,0.57,0.386,-13.635,150.141,afrobeat
Hugh Masekela,Marketplace,18,331040,0.696,0.249,-17.176,92.286,afrobeat
Hugh Masekela,Chileshe,17,378893,0.656,0.85,-3.685,88.955,afrobeat
Mulatu Astatke;The Heliocentrics,Chinese New Year,17,226400,0.57,0.698,-10.008,116.416,afrobeat
Antibalas,Talkatif,16,576133,0.695,0.942,-6.379,136.029,afrobeat
Plastilina Mosh,Savage Sucker Boy Featuring Pocahontas Freaky Groove,19,212893,0.324,0.826,-8.127,128.375,afrobeat
Lara George,Dansaki,39,324572,0.701,0.94,-2.963,139.497,afrobeat
The Dynamics,Move on Up,48,292571,0.845,0.769,-7.838,145.985,afrobeat
El Michels Affair,Ala Vida,42,232357,0.647,0.386,-10.388,80.833,afrobeat
Jorge Drexler,La edad del cielo,56,219493,0.668,0.261,-13.003,147.446,afrobeat
Nomo,Discontinued,16,482786,0.394,0.73,-8.74,85.866,afrobeat
The Budos Band,T.I.B.W.F.,52,160600,0.674,0.607,-7.76,77.845,afrobeat
A Mose,Faraway,16,171702,0.701,0.739,-5.209,100.981,afrobeat
Girma Bèyènè;Akalé Wubé,Enkèn Yèlélèbesh,45,238440,0.74,0.492,-8.72,128.648,afrobeat
Buyepongo,Cantarito,17,324986,0.571,0.783,-7.893,121.39,afrobeat
J Prince,Must Reach,17,184800,0.808,0.778,-4.791,100.009,afrobeat
Calle 13,El Avión Se Cae,19,257693,0.759,0.78,-8.007,125.05,afrobeat
Assagai,Telephone Girl,17,214533,0.604,0.52,-12.658,102.502,afrobeat
Bacao Rhythm & Steel Band,Represent,17,199398,0.717,0.513,-7.916,92.968,afrobeat
Morbo y Mambo,Chori 95,17,251453,0.472,0.821,-6.471,95.93,afrobeat
J Prince,Blood,17,216442,0.85,0.902,-5.441,127.968,afrobeat
Bacao Rhythm & Steel Band,Tender Trap,17,213631,0.69,0.707,-3.826,94.275,afrobeat
Lack Of Afro,The Outsider,49,227346,0.681,0.838,-6.538,112.608,afrobeat
Voilaaa;Rama Traore,Tu Mens Devant Moi,17,247255,0.817,0.601,-11.881,129.971,afrobeat
Orgone,Sweet Feet,18,229633,0.766,0.722,-7.949,122.369,afrobeat
Voilaaa;Lass;JKriv,Ku La Foon - JKriv Remix,16,398280,0.811,0.598,-11.6,119.998,afrobeat
The Funkees,Akula Owu Onyeara,39,448914,0.701,0.702,-10.323,110.721,afrobeat
Los Pirañas,Puerta del sol,16,270090,0.573,0.856,-7.321,103.748,afrobeat
Ebo Taylor;Pat Thomas;Henrik Schwarz,Eye Nyam Nam 'A' Mensuro - Henrik Schwarz Blend,49,563866,0.761,0.626,-12.634,124.024,afrobeat
Voilaaa;Pat Kalla,Faut Pas Dire Des Choses Comme Ça,16,275162,0.738,0.717,-13.001,134.668,afrobeat
Buena Onda Reggae Club,Song for Rollins,16,219346,0.841,0.577,-7.544,90.522,afrobeat
Timoneki,Donde Vas,16,271457,0.564,0.62,-7.976,180.008,afrobeat
The Daktaris,Upside Down,16,254920,0.66,0.807,-8.557,113.893,afrobeat
Brownout;Brown Sabbath;Alex Maas,Hand of Doom,17,463991,0.379,0.543,-8.478,146.446,afrobeat
Nomade Orquestra;Edgar,Constante Mesmice,16,307493,0.743,0.643,-6.578,128.029,afrobeat
Eddie Neblett,Stepping Out,17,256391,0.75,0.705,-9.782,119.898,afrobeat
Vaudou Game,Tata fatiguée,17,223350,0.76,0.667,-6.134,109.774,afrobeat
La Misa Negra,Vení Pa’ Ca,16,219466,0.646,0.486,-6.628,160.104,afrobeat
Lack Of Afro,Beautiful Here,17,232546,0.833,0.675,-9.076,110.865,afrobeat
Plastilina Mosh,Nordic Laser,17,141333,0.364,0.977,-4.196,147.087,afrobeat
Lack Of Afro;Camila Recchio;Wax,You Could Do Better,18,159975,0.701,0.704,-5.541,96.067,afrobeat
Calle 13,Cabe-c-o,19,213253,0.733,0.732,-5.761,91.928,afrobeat
Manu Dibango,Soul Saxes Meeting,17,178428,0.636,0.826,-7.486,102.809,afrobeat
Jor'dan Armstrong;DIXSON,No Way (feat. Darius Scott),18,314315,0.481,0.596,-8.075,99.96,afrobeat
Ebo Taylor,Mind Your Own Business,18,313866,0.622,0.907,-9.021,125.77,afrobeat
Lafayette Afro Rock Band,I Love Music - Remastered,17,430986,0.512,0.851,-6.583,132.212,afrobeat
The Poets Of Rhythm,It Came Over Me,17,208933,0.438,0.393,-8.877,60.587,afrobeat
Jorge Drexler,Radar,18,247586,0.575,0.771,-5.977,77.394,afrobeat
Jor'dan Armstrong,Reverse Effect,17,306372,0.704,0.486,-7.189,139.957,afrobeat
Mulatu Astatke,I Faram Gami I Faram - taken from Mulatu Steps Ahead,17,333400,0.538,0.593,-7.798,86.564,afrobeat
Orgone,It's What You Do,17,374853,0.746,0.811,-9.713,109.133,afrobeat
Samuca e a Selva,Sincronia,16,212683,0.791,0.546,-8.81,100.064,afrobeat
Mulatu Astatke;The Heliocentrics,Live From Tigre Lounge,17,174053,0.656,0.809,-8.175,132.404,afrobeat
Jorge Drexler,Bienvenida,18,297973,0.789,0.532,-8.555,112.732,afrobeat
Jorge Drexler,No te creas,17,231893,0.623,0.803,-5.523,126.61,afrobeat
Los Amigos Invisibles,Quiero Desintegrar a Tu Novio,19,206400,0.778,0.739,-5.56,107.967,afrobeat
Ali Farka Touré;Toumani Diabaté,Kana Kassy,8,250013,0.583,0.44,-8.75,101.799,afrobeat
Bola Johnson,Lagos Sisi,44,203040,0.718,0.626,-9.049,107.288,afrobeat
Fela Kuti;Afrika 70,Expensive Shit,36,793200,0.612,0.876,-7.668,123.866,afrobeat
Azarel;Leor,Who Am I (Psalm 8:4),16,182608,0.733,0.342,-15.834,184.058,afrobeat
The Bamboos;Washington,The Wilhelm Scream,47,268040,0.565,0.621,-5.62,150.036,afrobeat
Edem Evangelist,Knocking on Your Door,16,194403,0.696,0.769,-4.457,98.031,afrobeat
Nkumba System;Mamani Keïta,Paisano,16,238201,0.66,0.717,-10.441,165.259,afrobeat
Menahan Street Band,Home Again,52,202240,0.587,0.732,-8.097,96.848,afrobeat
Chico Mann;Captain Planet,Ariwoko,16,249451,0.72,0.837,-5.98,81.997,afrobeat
Rehmahz;Oba Reengy,Manasseh,16,151354,0.631,0.602,-10.398,102.08,afrobeat
Tony Allen;Damon Albarn;Ty,Every Season,46,247306,0.751,0.735,-6.358,163.852,afrobeat
Jlyricz,Enjoyment,15,181900,0.803,0.41,-7.662,90.006,afrobeat
Jungle Fire,Quémalo,16,220986,0.574,0.893,-6.784,95.437,afrobeat
Becca Folkes,Grateful,16,252029,0.74,0.835,-5.857,119.975,afrobeat
Timoneki,Alma,17,259353,0.522,0.62,-8.016,139.837,afrobeat
cacique'97,Jorge de Capadócia,16,355946,0.78,0.818,-8.631,114.989,afrobeat
Jaron Nurse,Keep It Clean,16,225071,0.56,0.644,-5.826,82.505,afrobeat
Vaudou Game,Locataire,16,223480,0.743,0.872,-9.258,118.904,afrobeat
Grupo Fantasma,Gimme Some,16,297346,0.736,0.976,-6.19,128.019,afrobeat
Joshua Ali,Blanket,18,213804,0.851,0.865,-5.779,99.972,afrobeat
Mandrill,Happy Beat,17,318160,0.767,0.823,-7.006,107.857,afrobeat
Grupo Fantasma,El Sabio Soy Yo,16,235760,0.675,0.731,-6.186,95.1,afrobeat
São Paulo Ska Jazz;Zem Audu,Skaramouche,17,201560,0.692,0.917,-5.15,101.821,afrobeat
Dele Ojo,Bouncing Bona,16,180320,0.711,0.776,-5.148,116.388,afrobeat
Brownout;Brown Sabbath,Snowblind,17,375112,0.438,0.737,-6.648,113.957,afrobeat
Buena Onda Reggae Club,Song for Rollins,16,219346,0.841,0.577,-7.544,90.522,afrobeat
The Polyversal Souls;Sir Frank Karikari,Odo Agye Gye Me,16,217652,0.813,0.693,-7.32,114.206,afrobeat
The Mauskovic Dance Band,Analog Fruit,17,193900,0.605,0.749,-9.748,143.065,afrobeat
Höröyá,Mansa Fela,15,344410,0.746,0.881,-6.687,130.988,afrobeat
Ikebe Shakedown,Not Another Drop (Reprise),16,82400,0.729,0.752,-12.385,105.512,afrobeat
Africania,Cachoeira,16,348066,0.698,0.707,-10.331,99.009,afrobeat
Orquestra Voadora,Expensive Shit,17,327066,0.833,0.727,-7.346,123.028,afrobeat
Tony Allen,African Man,17,303133,0.692,0.98,-4.335,114.956,afrobeat
A Mose;Marizu,Follow me,17,201069,0.506,0.621,-9.928,97.109,afrobeat
Criolo,Freguês da Meia Noite (Instrumental),15,251346,0.538,0.379,-10.031,175.949,afrobeat
Tony Allen;T$unami811,Très magnifique,17,203120,0.725,0.875,-7.267,155.057,afrobeat
Juanafé;Los Celestinos,Fiesta,17,220781,0.586,0.754,-8.357,156.831,afrobeat
The Bamboos;Kylie Auldist,What I Know,17,247693,0.747,0.77,-5.169,97.99,afrobeat
Plastilina Mosh,Graceland,18,217333,0.627,0.856,-8.674,96.963,afrobeat
Orchestra Baobab,Cabral,17,507053,0.657,0.419,-5.986,166.588,afrobeat
Jorge Drexler,Veneno,17,203733,0.535,0.344,-10.61,152.381,afrobeat
Plastilina Mosh,Millionaire,19,210746,0.815,0.757,-7.126,93.571,afrobeat
Wganda Kenya,Yoro,17,224426,0.797,0.69,-7.565,114.097,afrobeat
Jackie Mittoo,Drum Song,18,264133,0.694,0.412,-12.59,95.805,afrobeat
Ondatrópica,Ska Fuentes,17,261950,0.685,0.811,-5.319,122.915,afrobeat
Jackie Mittoo,Hot Tamale,18,143773,0.684,0.399,-8.089,92.906,afrobeat
Orquestra Brasileira de Música Jamaicana,Tico-Tico no Fubá,17,246893,0.832,0.724,-5.64,131.949,afrobeat
Los Amigos Invisibles,Voltaren's Dream,18,268600,0.698,0.765,-8.764,100.012,afrobeat
Calle 13;Rubén Blades;La Chilinga,La Perla (feat. Rubén Blades & La Chilinga),18,416133,0.735,0.681,-7.757,90.003,afrobeat
Wganda Kenya,El Caterete,17,254720,0.55,0.921,-6.961,117.833,afrobeat
Monophonics;Kelly Finnigan,It's Only Us,48,298973,0.477,0.615,-6.504,86.472,afrobeat
Whitefield Brothers,Safari Strut,46,199572,0.677,0.862,-5.016,109.965,afrobeat
Monophonics,La La La Love Me,47,200600,0.546,0.54,-5.879,87.967,afrobeat
Gil Joe,Thanksgiving,17,173531,0.771,0.809,-5.36,101.066,afrobeat
Monomono,Tire Loma Da Nigbehin,16,286480,0.598,0.576,-9.442,107.997,afrobeat
Kutiman;Elif Çağlar,Remotely Close: Silkyway,16,230998,0.755,0.612,-9.645,110.019,afrobeat
Greyboy;Bing Ji Ling,So Good,18,190786,0.808,0.364,-10.472,87.07,afrobeat
Menahan Street Band;Saundra Williams,There's a New Day Coming,17,143120,0.382,0.507,-8.179,135.787,afrobeat
El Michels Affair,Blind Love,16,177173,0.584,0.629,-12.071,150.745,afrobeat
Jor'dan Armstrong,IN,17,168209,0.664,0.622,-5.619,79.972,afrobeat
J Prince,Good oh,16,225388,0.83,0.842,-4.391,118.023,afrobeat
Marizu,I Am,16,184800,0.631,0.764,-4.298,100.056,afrobeat
El Rego,Djobime,15,155786,0.532,0.56,-8.493,142.651,afrobeat
Bacao Rhythm & Steel Band,Look Out Baby (Here I Come) (Bonus Track),16,142353,0.64,0.984,-7.348,113.508,afrobeat
The Daktaris,Voodoo Soul Stew,16,267360,0.822,0.68,-6.997,100.244,afrobeat
Ikebe Shakedown,The Ally,16,189240,0.641,0.57,-8.242,107.927,afrobeat
The Souljazz Orchestra,Agbara,16,301986,0.683,0.923,-6.454,120.004,afrobeat
Lafayette Afro Rock Band,Baba Hya - Remastered,16,329365,0.436,0.915,-5.147,88.39,afrobeat
The Sorcerers,Beneath the City of the Monkey God,16,244440,0.63,0.198,-8.782,60.402,afrobeat
Lack Of Afro;Elliott Cole,Back to the Day,18,189296,0.712,0.604,-7.726,97.938,afrobeat
Lack Of Afro;Herbal T,One World,17,235974,0.677,0.746,-10.734,97.075,afrobeat
Bacao Rhythm & Steel Band,Getting Nasty,16,177952,0.622,0.551,-8.458,95.124,afrobeat
Niña Dioz;Ceci Bastida;Lido Pimienta,Tambalea (feat. Lido Pimienta & Ceci Bastida),19,241966,0.791,0.575,-5.222,135.958,afrobeat
Gilles Peterson's Havana Cultura Band,Me Queda Voz,16,206040,0.77,0.799,-5.728,86.964,afrobeat
Manu Dibango,Tropical Garden,16,502693,0.615,0.397,-17.526,169,afrobeat
Vaudou Game,Chérie Nye,16,270173,0.748,0.808,-6.1,142.363,afrobeat
Manu Dibango,Ba-Kuba,16,233002,0.535,0.658,-8.559,107.382,afrobeat
La Misa Negra,Me Voy Pa’ Porce,16,246226,0.605,0.732,-6.681,178.022,afrobeat
Vaudou Game,Elle décide,16,222493,0.772,0.857,-6.858,111.367,afrobeat
Speedometer;Ria Currie,You've Made Me So Very Happy featuring Ria Currie,17,236013,0.678,0.71,-6.068,99.136,afrobeat
Fela Kuti,Shuffering and Shmiling,16,745386,0.825,0.837,-6.752,123.02,afrobeat
William Onyeabor,Better Change Your Mind - Mixed,16,153306,0.803,0.67,-9.929,117.457,afrobeat
The Souljazz Orchestra,Tambour à deux peaux,16,238805,0.719,0.828,-7.509,104.036,afrobeat
Los Amigos Invisibles,Cara E' Pasmao',19,202346,0.715,0.925,-3.932,103.006,afrobeat
The New Mastersounds,Freckles,50,223600,0.787,0.834,-6.16,113.337,afrobeat
BaianaSystem;Buguinha Dub;Orquestra Afrosinfônica,Fogo (Adubado),17,130602,0.67,0.632,-7.291,94.031,afrobeat
Meridian Brothers,"Yo Soy Tu Padre, Yo Te Fabriqué",16,319213,0.645,0.551,-10.301,96.225,afrobeat
Los Amigos Invisibles,Goldmember,18,57786,0.583,0.954,-4.263,133.959,afrobeat
Plastilina Mosh,International Stereo (Bassass),19,175560,0.663,0.895,-7.837,133.704,afrobeat
Manu Dibango,Soul Fiesta,16,128985,0.58,0.984,-5.592,136.671,afrobeat
Jor'dan Armstrong,No Nah,17,232610,0.757,0.673,-6.553,100.024,afrobeat
Manu Dibango;Cuarteto Patria,Yerberito,16,298293,0.697,0.723,-6.606,124.604,afrobeat
William Onyeabor,The Moon and the Sun,16,560280,0.615,0.838,-6.449,145.961,afrobeat
Los Amigos Invisibles,Cuchi-cuchi,19,321541,0.566,0.778,-7.04,125.423,afrobeat
The New Mastersounds,Cigar Time,18,413480,0.601,0.616,-10.865,112.775,afrobeat
Los Amigos Invisibles,Dame el Mambo,19,268580,0.74,0.866,-5.414,119.98,afrobeat
Antibalas,Hypocrite,16,306106,0.7,0.94,-6.782,114.15,afrobeat
Meridian Brothers,La Gitana Me Ha Dejado - Salsa Electrónica,16,405653,0.762,0.512,-8.633,96.428,afrobeat
Los Amigos Invisibles,Reino Animal,19,238373,0.733,0.862,-5.813,107.981,afrobeat
